id,code,name
hr_ocupacion_2611001,2611001,Abogado
hr_ocupacion_2611007,2611007,Abogado con especialidad de derecho civil o procesal
hr_ocupacion_2611008,2611008,"Abogado con especialidad de derecho internacional público, relaciones internacionales e integración regional"
hr_ocupacion_2611009,2611009,Abogado con especialidad en derecho civil o procesal civil
hr_ocupacion_2611010,2611010,Abogado con especialidad en derecho constitucional
hr_ocupacion_2611011,2611011,"Abogado con especialidad en derecho de las mujeres, genero y acceso a la justicia"
hr_ocupacion_2611005,2611005,Abogado con especialidad en derecho de propiedad privada
hr_ocupacion_2611012,2611012,Abogado con especialidad en derecho del Trabajo y de la Seguridad Social
hr_ocupacion_2611006,2611006,Abogado con especialidad en derecho indígena
hr_ocupacion_2611004,2611004,Abogado con especialidad en derecho laboral
hr_ocupacion_2611013,2611013,Abogado con especialidad en derecho mercantil
hr_ocupacion_2611003,2611003,Abogado con especialidad en derecho penal
hr_ocupacion_2611014,2611014,Abogado con especialidad en derechos humanos
hr_ocupacion_9624001,9624001,Acarreador de agua y recolectores  de  leña
hr_ocupacion_5162003,5162003,Acompañante de personas con minusvalía
hr_ocupacion_2659004,2659004,Acróbata
hr_ocupacion_2655001,2655001,Actor de cine
hr_ocupacion_2655004,2655004,Actor de comedia
hr_ocupacion_2655002,2655002,Actor de teatro
hr_ocupacion_2655003,2655003,Actor de televisión
hr_ocupacion_2120004,2120004,Actuario
hr_ocupacion_3230004,3230004,Acupuntor
hr_ocupacion_6129003,6129003,Adiestrador de perros
hr_ocupacion_5161001,5161001,Adivino
hr_ocupacion_2412003,2412003,Administrador aduanero
hr_ocupacion_2412004,2412004,Administrador aduanero y comercio internacional
hr_ocupacion_5152003,5152003,Administrador de alimentos y bebidas
hr_ocupacion_1114007,1114007,Administrador de asociación empresarial
hr_ocupacion_2421001,2421001,Administrador de empresa
hr_ocupacion_2422001,2422001,Administrador de la calidad
hr_ocupacion_1114004,1114004,Administrador de partido político
hr_ocupacion_3513003,3513003,Administrador de redes de computadoras
hr_ocupacion_2412006,2412006,Administrador de seguros y fianzas
hr_ocupacion_2522001,2522001,Administrador de sistemas
hr_ocupacion_3333005,3333005,Administrador del recurso humano
hr_ocupacion_2351004,2351004,Administrador educativo
hr_ocupacion_2421003,2421003,Administrador en formulación y evaluación de proyecto
hr_ocupacion_2422002,2422002,Administrador industrial
hr_ocupacion_2412007,2412007,Administrador tributarios y de tecnologías de aseguramiento
hr_ocupacion_5111001,5111001,Aeromoza (o)
hr_ocupacion_7224004,7224004,Afilador de herramientas
hr_ocupacion_7224003,7224003,Afilador de herramientas de corte
hr_ocupacion_7224001,7224001,Afilador de sierras y cuchillas para madera
hr_ocupacion_7312006,7312006,Afinador de instrumentos musicales de cuerdas
hr_ocupacion_7312005,7312005,Afinador de instrumentos musicales de percusión
hr_ocupacion_7312004,7312004,Afinador de instrumentos musicales de viento
hr_ocupacion_3359007,3359007,Agente administrativo de consulados
hr_ocupacion_3351001,3351001,Agente de aduanas
hr_ocupacion_3311001,3311001,Agente de bolsa
hr_ocupacion_3311002,3311002,Agente de cambio
hr_ocupacion_3324002,3324002,Agente de compras
hr_ocupacion_3333001,3333001,Agente de intermediación laboral
hr_ocupacion_3339001,3339001,Agente de publicidad
hr_ocupacion_5414003,5414003,Agente de seguridad privada
hr_ocupacion_3321001,3321001,Agente de seguros
hr_ocupacion_4221002,4221002,Agente de ventas de agencia de viajes
hr_ocupacion_4221001,4221001,Agente de viajes
hr_ocupacion_3339002,3339002,Agente deportivos
hr_ocupacion_3334001,3334001,Agente inmobiliario
hr_ocupacion_3339003,3339003,Agente literario
hr_ocupacion_3339005,3339005,Agente teatrales
hr_ocupacion_6111006,6111006,Agricultor de cultivos extensivos
hr_ocupacion_6113010,6113010,"Agricultor de huertas, invernaderos, viveros o jardines"
hr_ocupacion_6112010,6112010,Agricultor de plantaciones de árboles y arbustos
hr_ocupacion_2165002,2165002,Agrimensor
hr_ocupacion_2132001,2132001,Agrónomo
hr_ocupacion_7533004,7533004,Ajustador y reparador de prendas de vestir
hr_ocupacion_7112001,7112001,Albañil
hr_ocupacion_7123001,7123001,Albañil en acabados
hr_ocupacion_1113001,1113001,Alcalde
hr_ocupacion_7314001,7314001,Alfarero
hr_ocupacion_3359008,3359008,Alguacil
hr_ocupacion_5152004,5152004,Ama de llaves
hr_ocupacion_2652008,2652008,Ambientador musical
hr_ocupacion_2412005,2412005,Analista de crédito
hr_ocupacion_2511002,2511002,Analista de sistemas informáticos
hr_ocupacion_2413001,2413001,Analista financiero
hr_ocupacion_3119001,3119001,Analistas de organización y métodos
hr_ocupacion_2636010,2636010,Anciano religioso
hr_ocupacion_5113005,5113005,Anfitrion de turismo comunitario
hr_ocupacion_5113002,5113002,Animador turístico
hr_ocupacion_2632002,2632002,Antropólogo
hr_ocupacion_2632003,2632003,Antropólogo con especialidad en medicina forense
hr_ocupacion_7535001,7535001,Apelambrador de cuero de animales
hr_ocupacion_6123001,6123001,Apicultor
hr_ocupacion_7544001,7544001,Aplicador de plaguicidas
hr_ocupacion_2636008,2636008,Apóstol y profeta
hr_ocupacion_3413001,3413001,Aprendis de pastor
hr_ocupacion_3422003,3422003,Árbitro deportivo
hr_ocupacion_2621001,2621001,Archivero
hr_ocupacion_9311004,9311004,Arenero
hr_ocupacion_7111008,7111008,Armador de construcción
hr_ocupacion_2632004,2632004,Arqueólogo
hr_ocupacion_2161001,2161001,Arquitecto
hr_ocupacion_2162001,2162001,Arquitecto paisajistas
hr_ocupacion_9212001,9212001,Arriero
hr_ocupacion_7318003,7318003,Artesano de artículos de cuero y materiales similares
hr_ocupacion_7314004,7314004,Artesano de figuras de yeso (alcancillas)
hr_ocupacion_7314003,7314003,"Artesano de figuras y mascaras de barro, arcilla y otros"
hr_ocupacion_7318001,7318001,Artesano de los tejidos
hr_ocupacion_7314005,7314005,Artesano en la elaboración de estufas y cocinas de arcilla o barro
hr_ocupacion_2636002,2636002,Arzobispo
hr_ocupacion_8189000,8189000,Ascensorista
hr_ocupacion_3321003,3321003,Asegurador
hr_ocupacion_7523002,7523002,Aserrador
hr_ocupacion_8172008,8172008,Aserrador u Operador de madera
hr_ocupacion_3334002,3334002,Asesor de bienes raíces
hr_ocupacion_2351002,2351002,Asesor educativo
hr_ocupacion_2619002,2619002,Asesor legal
hr_ocupacion_3343002,3343002,Asistente administrativo
hr_ocupacion_5152001,5152001,Asistente de ama de llaves
hr_ocupacion_3311004,3311004,Asistente de mercadeo
hr_ocupacion_4416001,4416001,Asistente de recursos humanos
hr_ocupacion_5223001,5223001,Asistente de venta de tiendas y almacenes
hr_ocupacion_3213002,3213002,Asistente farmacéutico
hr_ocupacion_3256003,3256003,Asistente Médico
hr_ocupacion_3240001,3240001,Asistente veterinario
hr_ocupacion_5161002,5161002,Astrólogo
hr_ocupacion_2111002,2111002,Astrónomo
hr_ocupacion_3421001,3421001,Atleta
hr_ocupacion_2266001,2266001,Audiólogo y logopeda
hr_ocupacion_2511003,2511003,Auditor de sistemas
hr_ocupacion_2411002,2411002,Auditor general
hr_ocupacion_4321006,4321006,Auxiliar de bodega
hr_ocupacion_3411001,3411001,Auxiliar de bufete de Abogado
hr_ocupacion_4311001,4311001,Auxiliar de contabilidad
hr_ocupacion_2412001,2412001,Auxiliar de créditos
hr_ocupacion_3251001,3251001,Auxiliar de dentista
hr_ocupacion_5312001,5312001,Auxiliar de Maestro
hr_ocupacion_8121001,8121001,Auxiliar de máquina herramientas metalmecánica
hr_ocupacion_3311003,3311003,Auxiliar de operaciones financieras
hr_ocupacion_9611001,9611001,Auxiliar de recogida de basura
hr_ocupacion_9621006,9621006,Auxiliar de reparto
hr_ocupacion_9329001,9329001,Auxiliar de soldadura
hr_ocupacion_5112004,5112004,Auxiliar de transporte público
hr_ocupacion_2120002,2120002,Auxiliar estadístico
hr_ocupacion_3412001,3412001,Auxiliar o asistente sociale
hr_ocupacion_6122011,6122011,Avicultor
hr_ocupacion_6122010,6122010,Avicultor de cría de aves exóticas
hr_ocupacion_5162002,5162002,Ayuda de cámara
hr_ocupacion_9211002,9211002,Ayudante agropecuario
hr_ocupacion_9211003,9211003,Ayudante de acuicultura
hr_ocupacion_9313001,9313001,Ayudante de albañil
hr_ocupacion_5322002,5322002,Ayudante de ambulancia
hr_ocupacion_3258001,3258001,Ayudante de ambulancia y paramédico
hr_ocupacion_6123002,6123002,Ayudante de apiario
hr_ocupacion_4321001,4321001,Ayudante de bodega
hr_ocupacion_9311001,9311001,Ayudante de bombeo
hr_ocupacion_9333003,9333003,Ayudante de camión
hr_ocupacion_9311003,9311003,Ayudante de cantera
hr_ocupacion_9333001,9333001,Ayudante de carga de mercancías
hr_ocupacion_9333002,9333002,Ayudante de carga en empresa de mudanzas
hr_ocupacion_9412001,9412001,Ayudante de cocina
hr_ocupacion_5322001,5322001,Ayudante de enfermería a domicilio
hr_ocupacion_3221001,3221001,Ayudante de enfermería en instituciones
hr_ocupacion_7126003,7126003,Ayudante de fontanería
hr_ocupacion_9313002,9313002,Ayudante de grúa
hr_ocupacion_9313003,9313003,Ayudante de grúa puente
hr_ocupacion_9214001,9214001,Ayudante de jardinería y horticultura
hr_ocupacion_6224002,6224002,Ayudante de la caza
hr_ocupacion_9412002,9412002,Ayudante de la industria de alimentos
hr_ocupacion_9329003,9329003,Ayudante de la industria de fabricación de equipos
hr_ocupacion_9329007,9329007,Ayudante de la industria de la madera
hr_ocupacion_9329008,9329008,Ayudante de la industria de la piel
hr_ocupacion_9329009,9329009,Ayudante de la industria del metal
hr_ocupacion_9329002,9329002,Ayudante de la industria manufacturera
hr_ocupacion_9329004,9329004,Ayudante de la industria pesada
hr_ocupacion_9329005,9329005,Ayudante de la industria química
hr_ocupacion_9329006,9329006,Ayudante de la industria textil
hr_ocupacion_9629001,9629001,Ayudante de la industrias gráficas
hr_ocupacion_6222003,6222003,Ayudante de la pesca
hr_ocupacion_9312003,9312003,Ayudante de laboratorista de suelos
hr_ocupacion_9312002,9312002,Ayudante de mantenimiento de carreteras
hr_ocupacion_9329011,9329011,Ayudante de mecánico
hr_ocupacion_5131001,5131001,Ayudante de mesero
hr_ocupacion_9311002,9311002,Ayudante de minas
hr_ocupacion_9329010,9329010,Ayudante de montaje manual
hr_ocupacion_9312001,9312001,Ayudante de obras públicas
hr_ocupacion_9216001,9216001,Ayudante de pesca y acuicultura
hr_ocupacion_6123004,6123004,Ayudante de sericultura
hr_ocupacion_9312004,9312004,Ayudante de topógrafo
hr_ocupacion_5164001,5164001,Ayudante de veterinario
hr_ocupacion_9215001,9215001,Ayudante forestal
hr_ocupacion_2653001,2653001,Bailarín
hr_ocupacion_2653002,2653002,Bailarín de cabaret
hr_ocupacion_9312005,9312005,Banderista (señalización de obras)
hr_ocupacion_5141001,5141001,Barbero
hr_ocupacion_7132001,7132001,Barnizador de muebles de madera
hr_ocupacion_7132002,7132002,Barnizador de muebles de metal
hr_ocupacion_9613001,9613001,Barrendero
hr_ocupacion_7212002,7212002,Barrenero de minas
hr_ocupacion_5132001,5132001,Bartender
hr_ocupacion_2622001,2622001,Bibliotecario
hr_ocupacion_2131001,2131001,Biólogo
hr_ocupacion_3141003,3141003,Bioquímico
hr_ocupacion_4321002,4321002,Bodeguero de restaurante
hr_ocupacion_5411001,5411001,Bombero
hr_ocupacion_7533003,7533003,Bordador
hr_ocupacion_2131002,2131002,Botánico
hr_ocupacion_9112001,9112001,Botones de hotel
hr_ocupacion_7224005,7224005,Bruñidor
hr_ocupacion_7541001,7541001,Buzo soldador
hr_ocupacion_4211005,4211005,Cajero de banco
hr_ocupacion_4211006,4211006,Cajero de restaurante
hr_ocupacion_4211003,4211003,Cajero en general
hr_ocupacion_5230001,5230001,Cajero y expendedor de billetes
hr_ocupacion_3112002,3112002,Calculista de construcción
hr_ocupacion_7213004,7213004,Calderero
hr_ocupacion_9311005,9311005,Calero
hr_ocupacion_7223001,7223001,Calibrador de instrumentos de precisión mecánica
hr_ocupacion_9112005,9112005,Camarera de hotel
hr_ocupacion_5111002,5111002,Camarero de bus
hr_ocupacion_3521002,3521002,Camarógrafo
hr_ocupacion_2652009,2652009,Cantante
hr_ocupacion_2652010,2652010,Cantautor
hr_ocupacion_7113001,7113001,Cantero tallador
hr_ocupacion_2352005,2352005,Capacitador a nivel administrativo
hr_ocupacion_2352007,2352007,Capacitador a nivel de desarrollo humano
hr_ocupacion_2352004,2352004,Capacitador a nivel de mercadeo y ventas
hr_ocupacion_2352006,2352006,Capacitador a nivel medio ambiental
hr_ocupacion_2424001,2424001,Capacitador de personal
hr_ocupacion_8342001,8342001,Capataz de máquina de movimiento de tierras y afines
hr_ocupacion_8343001,8343001,Capataz de Operador  de grúas y aparatos elevadores
hr_ocupacion_8131010,8131010,"Capataz de Operador de instalaciones quebrantadoras, trituradoras y mezcladoras de sustancias químicas"
hr_ocupacion_3152001,3152001,Capitán de cubierta
hr_ocupacion_5131004,5131004,Capitan de meseros
hr_ocupacion_3152005,3152005,Capitán de puerto
hr_ocupacion_6210002,6210002,Carbonero de carbón vegetal
hr_ocupacion_2636001,2636001,Cardenal
hr_ocupacion_2659005,2659005,Caricaturista
hr_ocupacion_7511001,7511001,Carnicero
hr_ocupacion_7115003,7115003,Carpintero
hr_ocupacion_7115004,7115004,Carpintero de armado
hr_ocupacion_7115002,7115002,Carpintero de artezón
hr_ocupacion_4412001,4412001,Cartero
hr_ocupacion_2165001,2165001,Cartógrafo
hr_ocupacion_7515001,7515001,Catador de café
hr_ocupacion_7515002,7515002,Catador de vinos
hr_ocupacion_9331002,9331002,Cayuquero
hr_ocupacion_6224001,6224001,Cazador o trampero
hr_ocupacion_5311002,5311002,Celadora infantil
hr_ocupacion_7314002,7314002,Ceramista
hr_ocupacion_7222001,7222001,Cerrajero
hr_ocupacion_7317001,7317001,Cestero
hr_ocupacion_7317002,7317002,Cestero de muebles de mimbre
hr_ocupacion_4412002,4412002,Clasificador de correspondencia
hr_ocupacion_9612001,9612001,Clasificador de desechos
hr_ocupacion_7514004,7514004,Clasificador de frutas y verduras
hr_ocupacion_7543001,7543001,Clasificador y probador de productos (excluyendo alimentos y bebidas)
hr_ocupacion_4214001,4214001,Cobrador a pie
hr_ocupacion_5112002,5112002,Cobrador de ticket de transporte
hr_ocupacion_4214002,4214002,Cobrador en moto
hr_ocupacion_4214004,4214004,Cobrador por teléfono
hr_ocupacion_5120001,5120001,Cocinero
hr_ocupacion_3434004,3434004,Cocinero  doméstico
hr_ocupacion_3434002,3434002,Cocinero de alta cocina
hr_ocupacion_3434006,3434006,Cocinero de catering
hr_ocupacion_9411001,9411001,Cocinero de comidas rápidas
hr_ocupacion_4413001,4413001,Codificador  de datos y corrector de pruebas de imprenta y afines.
hr_ocupacion_3511001,3511001,Codificador de datos
hr_ocupacion_2636012,2636012,Cofrade
hr_ocupacion_7534002,7534002,Colchonero
hr_ocupacion_7111003,7111003,"Colocador de piedras naturales (laja, mármol y otras piedras)"
hr_ocupacion_9334001,9334001,Colocador en estanterías
hr_ocupacion_2642002,2642002,Columnista
hr_ocupacion_7321008,7321008,Compaginador
hr_ocupacion_2652011,2652011,Compositor
hr_ocupacion_7512005,7512005,Confitero artesanal
hr_ocupacion_5153003,5153003,Conserje de establecimientos religioso
hr_ocupacion_5153001,5153001,Conserje de hotel
hr_ocupacion_5153002,5153002,Conserje en establecimientos no hoteleros
hr_ocupacion_2621003,2621003,Conservador  del patrimonio cultural
hr_ocupacion_7111002,7111002,Constructor de bahareque y otros materiales rústicos
hr_ocupacion_7312003,7312003,Constructor de instrumentos musicales de cuerdas
hr_ocupacion_7312002,7312002,Constructor de instrumentos musicales de percusión
hr_ocupacion_7312001,7312001,Constructor de instrumentos musicales de viento
hr_ocupacion_7111001,7111001,Constructor de ranchos
hr_ocupacion_2132002,2132002,Consultor forestal
hr_ocupacion_2411001,2411001,Contador general de empresa
hr_ocupacion_3333002,3333002,Contratista de mano de obra
hr_ocupacion_3133002,3133002,Controlador de alambique
hr_ocupacion_3133009,3133009,"Controlador de aparatos de reacción, conversión en productos químicos (excepto petróleo y gas natural)"
hr_ocupacion_3133012,3133012,Controlador de equipos de destilación y de reacción química
hr_ocupacion_3133013,3133013,Controlador de equipos de filtración y separación de sustancias químicas
hr_ocupacion_3135008,3135008,Controlador de hornos de minerales y de hornos de primera fusión de metales
hr_ocupacion_3135002,3135002,Controlador de hornos de segunda fusión de metales
hr_ocupacion_3133001,3133001,Controlador de instalaciones de abono artificial
hr_ocupacion_3133003,3133003,Controlador de instalaciones de producción de fibras sintéticas
hr_ocupacion_3133004,3133004,Controlador de instalaciones de tratamiento del petróleo crudo
hr_ocupacion_3133005,3133005,Controlador de instalaciones de tratamiento químico térmico
hr_ocupacion_3135003,3135003,Controlador de instalaciones de tratamiento térmico de metales
hr_ocupacion_3133015,3133015,Controlador de instalaciones de tratamientos químicos
hr_ocupacion_3133006,3133006,Controlador de instalaciones para la producción de cemento
hr_ocupacion_3133007,3133007,Controlador de instalaciones para tratamiento de látex y caucho
hr_ocupacion_3135005,3135005,Controlador de laminadoras de metales
hr_ocupacion_3133010,3133010,Controlador de máquina de licuefacción de gases
hr_ocupacion_3135010,3135010,Controlador de máquina estiradoras de metales
hr_ocupacion_3133011,3133011,Controlador de máquina evaporadoras de procesos químicos (excepto petróleo y gas natural)
hr_ocupacion_3135009,3135009,Controlador de máquina moldeadora de metales
hr_ocupacion_3135006,3135006,Controlador de máquina trefiladoras de metales
hr_ocupacion_3133008,3133008,"Controlador de maquinas separadoras, centrifugadoras para tratamientos químicos"
hr_ocupacion_3133014,3133014,Controlador de productos químicos (excepto petróleo)
hr_ocupacion_3154001,3154001,Controlador de tráfico aéreo
hr_ocupacion_3153002,3153002,Copiloto de avión
hr_ocupacion_2653003,2653003,Coreógrafo
hr_ocupacion_4413002,4413002,Corrector ortográfico
hr_ocupacion_3321002,3321002,Corredor de seguros
hr_ocupacion_2642005,2642005,Corresponsal
hr_ocupacion_7111004,7111004,Cortador de planchas prefabricadas
hr_ocupacion_7532003,7532003,"Cortador de tela, cuero y afines"
hr_ocupacion_7315001,7315001,Cortador de vidrio
hr_ocupacion_7536004,7536004,Cortador y cocedor de calzado
hr_ocupacion_5142004,5142004,Cosmetólogo
hr_ocupacion_7533001,7533001,Costurera
hr_ocupacion_2511001,2511001,Creador de sistemas informáticos
hr_ocupacion_6129001,6129001,Criador de animales domésticos diversos
hr_ocupacion_2619004,2619004,Criminalista
hr_ocupacion_2619003,2619003,Criminólogo
hr_ocupacion_5164002,5164002,Cuidador de animales en reservas naturales o parques zoológicos
hr_ocupacion_5142003,5142003,Cultor de belleza
hr_ocupacion_5169001,5169001,Curandero
hr_ocupacion_7535003,7535003,Curtidor
hr_ocupacion_5162001,5162001,Dama de compañía
hr_ocupacion_3331002,3331002,Declarante de aduanas
hr_ocupacion_3432002,3432002,Decorador de interiores
hr_ocupacion_2163002,2163002,Decorador de teatro
hr_ocupacion_2261001,2261001,Dentista
hr_ocupacion_5242002,5242002,Dependiente de almacen o demostrador de productos
hr_ocupacion_5246003,5246003,"Dependiente de mostrador de alimentos frescos: huevos, lácteos, frutas, verduras"
hr_ocupacion_5246001,5246001,Dependiente de mostrador de carnes
hr_ocupacion_5246002,5246002,Dependiente de mostrador de pescado
hr_ocupacion_3421002,3421002,Deportista
hr_ocupacion_2513001,2513001,Desarrollador  web y multimedia
hr_ocupacion_2512001,2512001,Desarrollador de software
hr_ocupacion_2519001,2519001,Desarrollador y analista de software y multimedia no clasificados bajo otros epígrafes
hr_ocupacion_5245001,5245001,Despachador de gasolina o diesel
hr_ocupacion_7511005,7511005,Destazador o descuartizador
hr_ocupacion_3355002,3355002,Detectives privados
hr_ocupacion_3413002,3413002,Diácono
hr_ocupacion_3118001,3118001,Dibujante de la construcción
hr_ocupacion_3118003,3118003,Dibujante en cartografía y topografía
hr_ocupacion_3118004,3118004,Dibujante industriales
hr_ocupacion_2265001,2265001,Dietista y nutricionista
hr_ocupacion_4132001,4132001,Digitador de base de datos
hr_ocupacion_7542001,7542001,Dinamitero y pegador
hr_ocupacion_1112001,1112001,Directivo de la administración pública
hr_ocupacion_1212003,1212003,Director de agencia de colocación
hr_ocupacion_2652005,2652005,Director de banda de música y orquesta
hr_ocupacion_1223002,1223002,Director de biblioteca
hr_ocupacion_2654001,2654001,Director de cine
hr_ocupacion_1411004,1411004,Director de contabilidad de hotel
hr_ocupacion_1211003,1211003,Director de departamento administrativo
hr_ocupacion_1324004,1324004,Director de departamento de abastecimiento
hr_ocupacion_1221002,1221002,Director de departamento de comercialización
hr_ocupacion_1213001,1213001,Director de departamento de control de calidad
hr_ocupacion_1324007,1324007,Director de departamento de distribución
hr_ocupacion_1330001,1330001,Director de departamento de informática
hr_ocupacion_1223001,1223001,Director de departamento de investigación y desarrollo
hr_ocupacion_1219004,1219004,Director de departamento de operación en empresa de servicios de limpieza
hr_ocupacion_1324006,1324006,Director de departamento de operaciones en empresa de almacenamientos
hr_ocupacion_1420002,1420002,Director de departamento de operaciones en empresa de comercio mayorista y minorista
hr_ocupacion_1324009,1324009,Director de departamento de operaciones en empresa de comunicaciones
hr_ocupacion_1411005,1411005,Director de departamento de operaciones en empresa de hostelería
hr_ocupacion_1212006,1212006,Director de departamento de operaciones en empresa de intermediación
hr_ocupacion_1323005,1323005,Director de departamento de operaciones en empresa de la construcción
hr_ocupacion_1321010,1321010,Director de departamento de operaciones en empresa de la industria manufacturera
hr_ocupacion_1323006,1323006,Director de departamento de operaciones en empresa de obras públicas
hr_ocupacion_1412003,1412003,Director de departamento de operaciones en empresa de restaurantes
hr_ocupacion_1219006,1219006,Director de departamento de operaciones en empresa de servicios a empresa
hr_ocupacion_1219001,1219001,Director de departamento de operaciones en empresa de servicios de cuidados personales
hr_ocupacion_1324003,1324003,Director de departamento de operaciones en empresa de transporte
hr_ocupacion_1311002,1311002,Director de departamento de operaciones en empresa del sector de la agricultura
hr_ocupacion_1311004,1311004,Director de departamento de operaciones en empresa del sector de la silvicultura
hr_ocupacion_1212002,1212002,Director de departamento de personal
hr_ocupacion_1212005,1212005,Director de departamento de producción en empresa de intermediación
hr_ocupacion_1323001,1323001,Director de departamento de producción en empresa de la construcción
hr_ocupacion_1321008,1321008,Director de departamento de producción en empresa de la industria manufacturera
hr_ocupacion_1323003,1323003,Director de departamento de producción en empresa de obras públicas
hr_ocupacion_1412002,1412002,Director de departamento de producción en empresa de restaurantes
hr_ocupacion_1219003,1219003,Director de departamento de producción en empresa de servicios a empresa
hr_ocupacion_1311001,1311001,Director de departamento de producción en empresa del sector de la agricultura
hr_ocupacion_1311003,1311003,Director de departamento de producción en empresa del sector de la silvicultura
hr_ocupacion_1222001,1222001,Director de departamento de publicidad
hr_ocupacion_1212004,1212004,Director de departamento de relaciones laborales
hr_ocupacion_1222002,1222002,Director de departamento de relaciones públicas
hr_ocupacion_1221001,1221001,Director de departamento de ventas
hr_ocupacion_1211001,1211001,Director de departamento financiero
hr_ocupacion_1312001,1312001,Director de empresa de caza
hr_ocupacion_1322001,1322001,Director de explotación de minas
hr_ocupacion_1411002,1411002,Director de mantenimiento de hotel
hr_ocupacion_1411003,1411003,Director de mercadeo de hotel
hr_ocupacion_1114001,1114001,Director de organización no gubernamental
hr_ocupacion_1311005,1311005,Director de producción agropecuaria y silvicultura
hr_ocupacion_1344001,1344001,Director de servicios de bienestar social
hr_ocupacion_1343001,1343001,Director de servicios de cuidados de las personas de edad
hr_ocupacion_1341001,1341001,Director de servicios de cuidados infantiles
hr_ocupacion_1345001,1345001,Director de servicios de educación
hr_ocupacion_1342001,1342001,Director de servicios de salud
hr_ocupacion_2654002,2654002,Director de teatro
hr_ocupacion_2654003,2654003,Director de televisión
hr_ocupacion_1321003,1321003,Director del departamento de importación y exportación de la industria de confección
hr_ocupacion_1120001,1120001,Director general
hr_ocupacion_1211004,1211004,Director Gerente de agencia bancaria
hr_ocupacion_1211002,1211002,Director Gerente de empresa de administración y finanzas
hr_ocupacion_1324008,1324008,Director gerente de empresa de almacenamiento
hr_ocupacion_1324010,1324010,Director gerente de empresa de comunicaciones
hr_ocupacion_1221003,1221003,Director gerente de empresa de mercadeo y ventas
hr_ocupacion_1312002,1312002,Director gerente de empresa de pesca
hr_ocupacion_1219002,1219002,Director gerente de empresa de servicio personal
hr_ocupacion_1324005,1324005,Director gerente de empresa de transporte
hr_ocupacion_1321009,1321009,Director Gerente de industria manufacturera
hr_ocupacion_1349001,1349001,Director y gerente de servicios Profesional no clasificados bajo otros epígrafes
hr_ocupacion_1114006,1114006,Dirigente de asociación empresarial
hr_ocupacion_1114002,1114002,Dirigente de partido político
hr_ocupacion_1114003,1114003,Dirigente de sindicato de trabajadores
hr_ocupacion_3432001,3432001,Diseñador de interiores
hr_ocupacion_2163003,2163003,Diseñador de joyas
hr_ocupacion_2163001,2163001,Diseñador de modas
hr_ocupacion_2163004,2163004,Diseñador de muebles
hr_ocupacion_2166001,2166001,Diseñador gráfico y multimedia
hr_ocupacion_2521001,2521001,Diseñador y Administrador de bases de datos
hr_ocupacion_7513003,7513003,Distribuidor de leche fluida
hr_ocupacion_2310001,2310001,Docente universitario
hr_ocupacion_2622002,2622002,Documentalista
hr_ocupacion_6121018,6121018,Domador de caballos
hr_ocupacion_7522003,7522003,Ebanista
hr_ocupacion_2631001,2631001,Economista
hr_ocupacion_2631004,2631004,Economista con especialidad en comercio internacional
hr_ocupacion_2631006,2631006,Economista con especialidad en econometría
hr_ocupacion_2631003,2631003,Economista con especialidad en finanzas públicas
hr_ocupacion_2631002,2631002,Economista con especialidad en moneda y banca
hr_ocupacion_2631005,2631005,Economista con especialidad en proyectos de desarrollo
hr_ocupacion_5152002,5152002,Ecónomo y mayordomo doméstico
hr_ocupacion_5241004,5241004,Edecan
hr_ocupacion_2642003,2642003,Editor
hr_ocupacion_2352002,2352002,Educador para necesidades especiales.
hr_ocupacion_2433002,2433002,Ejecutivo de ventas
hr_ocupacion_7313004,7313004,"Elaborador  de trofeos, medallas, plaquetas conmemorativas y afines."
hr_ocupacion_7516001,7516001,Elaborador de puros
hr_ocupacion_7125002,7125002,Elaborador de vitrales
hr_ocupacion_2636016,2636016,Elder
hr_ocupacion_7231008,7231008,Electricista automotriz (electromecánico de vehículos)
hr_ocupacion_7412001,7412001,Electricista especializado en maquinaria textil
hr_ocupacion_7411001,7411001,Electricista instalador domiciliar
hr_ocupacion_7411002,7411002,Electricista instalador industrial
hr_ocupacion_7411003,7411003,Electricista reparador de electrodomésticos.
hr_ocupacion_7412002,7412002,Electromecánico
hr_ocupacion_7412003,7412003,Electromecánico industrial
hr_ocupacion_9321001,9321001,Embalador a mano
hr_ocupacion_5163001,5163001,Embalsamador de cadáveres
hr_ocupacion_7511002,7511002,Embutidor
hr_ocupacion_7511003,7511003,Embutidor (productos porcinos)
hr_ocupacion_4221003,4221003,Emisor de billetes aéreos
hr_ocupacion_9321004,9321004,Empacador de mármol
hr_ocupacion_7215001,7215001,Empalmador de cables
hr_ocupacion_9321002,9321002,Empaquetador
hr_ocupacion_4415001,4415001,Empleado de archivos
hr_ocupacion_4222001,4222001,Empleado de call center ( centro de atención a llamadas )
hr_ocupacion_4321003,4321003,Empleado de despacho de mercadería en la empresa
hr_ocupacion_4321004,4321004,Empleado de distribución de mercadería a domicilio
hr_ocupacion_4211004,4211004,Empleado de emisión de billetes
hr_ocupacion_4225001,4225001,Empleado de información
hr_ocupacion_9112004,9112004,Empleado de limpieza
hr_ocupacion_4322001,4322001,Empleado de servicios de apoyo a la producción
hr_ocupacion_4323001,4323001,Empleado de servicios de transporte
hr_ocupacion_4312001,4312001,"Empleado de servicios estadísticos, financieros y de seguros"
hr_ocupacion_4313001,4313001,Empleado encargados de las nóminas
hr_ocupacion_9112003,9112003,Encargado  de limpieza
hr_ocupacion_6111008,6111008,Encargado agrícola de cultivos extensivos
hr_ocupacion_6113001,6113001,"Encargado agrícola de huertas, invernaderos, viveros o jardines"
hr_ocupacion_6112011,6112011,Encargado agrícola de plantaciones de árboles y arbustos
hr_ocupacion_4321005,4321005,Encargado de bodega
hr_ocupacion_3323001,3323001,Encargado de compras
hr_ocupacion_3323003,3323003,Encargado de compras de restaurante
hr_ocupacion_3324001,3324001,Encargado de costos de restaurante
hr_ocupacion_8341003,8341003,Encargado de Operador de maquinaria agrícolas y forestal
hr_ocupacion_2421002,2421002,Encargado de proyecto de desarrollo
hr_ocupacion_3323004,3323004,Encargado de suministros
hr_ocupacion_2263002,2263002,Encargado del control de calidad en alimentación
hr_ocupacion_6210001,6210001,Encargado forestal
hr_ocupacion_6121001,6121001,Encargado o capataz de ganadería en general
hr_ocupacion_7114002,7114002,Encofrador
hr_ocupacion_7323001,7323001,Encuadernador
hr_ocupacion_4227001,4227001,Encuestador
hr_ocupacion_7213001,7213001,Enderezador de carrocerías
hr_ocupacion_7213003,7213003,Enderezador y pintor de automóviles
hr_ocupacion_3221002,3221002,Enfermero de nivel medio
hr_ocupacion_8112002,8112002,Enresinador de sierras cortadoras de mármol
hr_ocupacion_7536002,7536002,Ensamblador de calzado
hr_ocupacion_7214001,7214001,Ensamblador de estructuras
hr_ocupacion_8211001,8211001,Ensamblador de instrumentos de precisión
hr_ocupacion_8211002,8211002,Ensamblador de motores de combustión
hr_ocupacion_8219001,8219001,Ensamblador de muebles de madera
hr_ocupacion_8212001,8212001,Ensamblador de tubos electrónicos
hr_ocupacion_8211003,8211003,Ensamblador de vehículos
hr_ocupacion_7536003,7536003,Ensuelador de calzado
hr_ocupacion_3422001,3422001,Entrenador deportivo
hr_ocupacion_7317004,7317004,Escobero y cepillero
hr_ocupacion_4414001,4414001,Escribiente públicos y afines.
hr_ocupacion_2641001,2641001,Escritor
hr_ocupacion_2651001,2651001,Escultor
hr_ocupacion_2529001,2529001,Especialista en bases de datos y en redes de computadores no clasificados en otros epígrafes
hr_ocupacion_2423001,2423001,Especialista en políticas de servicio personal
hr_ocupacion_6121016,6121016,Esquilador
hr_ocupacion_2120003,2120003,Estadístico
hr_ocupacion_7322002,7322002,Estampador a la plancha
hr_ocupacion_7322003,7322003,Estampador en textiles
hr_ocupacion_7321002,7321002,Estereotipista
hr_ocupacion_3315001,3315001,Evaluador
hr_ocupacion_2262001,2262001,Farmacéutico y Farmacólogo
hr_ocupacion_2643001,2643001,Filólogo
hr_ocupacion_2633001,2633001,Filósofo
hr_ocupacion_2619001,2619001,Fiscal del Ministerio Publico
hr_ocupacion_2111001,2111001,Físico
hr_ocupacion_2264001,2264001,Fisioterapeuta
hr_ocupacion_7319004,7319004,Florista (elaboración de decoración floral)
hr_ocupacion_7126002,7126002,Fontanero
hr_ocupacion_7221002,7221002,Forjador de hierro
hr_ocupacion_7321005,7321005,Fotograbador
hr_ocupacion_3431001,3431001,Fotógrafo
hr_ocupacion_7544002,7544002,Fumigador y otro Controlador de plagas y malas hierbas
hr_ocupacion_3354001,3354001,Funcionario de expedición de licencias y permisos
hr_ocupacion_3353002,3353002,Funcionario de pensiones
hr_ocupacion_3354002,3354002,Funcionario de permisos de construcción
hr_ocupacion_3353001,3353001,Funcionario de prestaciones de seguridad social
hr_ocupacion_3352001,3352001,Funcionario del fisco
hr_ocupacion_3359004,3359004,Funcionario y Técnico de registros electorales
hr_ocupacion_8122001,8122001,Galvanizador u Operador de máquina
hr_ocupacion_7321006,7321006,Galvanotipista
hr_ocupacion_2114002,2114002,Geofísico
hr_ocupacion_2114001,2114001,Geólogo
hr_ocupacion_1324001,1324001,Gerente de agencia de viajes
hr_ocupacion_1431001,1431001,Gerente de centro deportivo de esparcimiento y cultural
hr_ocupacion_1420001,1420001,Gerente de comercio mayorista y minorista
hr_ocupacion_1212001,1212001,Gerente de departamento de personal
hr_ocupacion_1311006,1311006,Gerente de empresa de agricultura
hr_ocupacion_1323002,1323002,Gerente de empresa de construcción
hr_ocupacion_1219005,1219005,Gerente de empresa de limpieza
hr_ocupacion_1323004,1323004,Gerente de empresa de obras públicas
hr_ocupacion_1311007,1311007,Gerente de empresa de silvicultura
hr_ocupacion_1411001,1411001,Gerente de hotel
hr_ocupacion_1321012,1321012,Gerente de industria de serigrafía.
hr_ocupacion_1321011,1321011,Gerente de maquila
hr_ocupacion_1321002,1321002,Gerente de planta de industria textil
hr_ocupacion_1321001,1321001,Gerente de producción de confección
hr_ocupacion_1412001,1412001,Gerente de restaurantes
hr_ocupacion_1439001,1439001,Gerente de servicios no clasificados bajo otros epígrafes
hr_ocupacion_1346001,1346001,Gerente de sucursales de bancos de servicios financieros y seguros
hr_ocupacion_1321006,1321006,Gerente de taller de soldadura
hr_ocupacion_1321004,1321004,Gerente de taller metalmecánico
hr_ocupacion_1324002,1324002,Gerente financieros de agencia de viajes
hr_ocupacion_1120002,1120002,Gerente general
hr_ocupacion_3331001,3331001,Gestor de aduanas
hr_ocupacion_7321003,7321003,Grabador de imprentas
hr_ocupacion_7316001,7316001,Grabador de vidrio
hr_ocupacion_5112003,5112003,Guarda de transporte
hr_ocupacion_5412004,5412004,Guardabosque
hr_ocupacion_5414001,5414001,Guardaespalda
hr_ocupacion_8312001,8312001,"Guardafrenos, guardagujas y agente de maniobras"
hr_ocupacion_5413001,5413001,Guardia penitenciario
hr_ocupacion_5414005,5414005,Guardian de edificio
hr_ocupacion_5113006,5113006,Guía comunitario de turistas
hr_ocupacion_5113003,5113003,Guía de museos
hr_ocupacion_5113001,5113001,Guía de turismo
hr_ocupacion_5113004,5113004,Guía regional de turismo Ruta Maya
hr_ocupacion_2636017,2636017,Guías espirituales no clasificados bajo otros epígrafes
hr_ocupacion_2641002,2641002,Guionista
hr_ocupacion_7221001,7221001,Herrero
hr_ocupacion_3251002,3251002,Higienista dental
hr_ocupacion_2633002,2633002,Historiador
hr_ocupacion_3230006,3230006,Homeópata
hr_ocupacion_4229001,4229001,Hosster (anfitriona de bienvenida)
hr_ocupacion_2636013,2636013,Imán
hr_ocupacion_7322001,7322001,Impresor de serigrafía
hr_ocupacion_5242001,5242001,Impulsador de productos
hr_ocupacion_5163002,5163002,Incinerador de cadáveres
hr_ocupacion_2142001,2142001,Ingeniero civil
hr_ocupacion_2142002,2142002,Ingeniero civil  especializado en carreteras
hr_ocupacion_2142005,2142005,Ingeniero civil especializado en construcción de edificios
hr_ocupacion_2142003,2142003,Ingeniero civil especializado en estructuras
hr_ocupacion_2142004,2142004,Ingeniero civil especializado en urbanización
hr_ocupacion_2146002,2146002,Ingeniero de metalurgia
hr_ocupacion_2146001,2146001,Ingeniero de mina
hr_ocupacion_2151001,2151001,Ingeniero electricista
hr_ocupacion_2144002,2144002,Ingeniero electromecánico
hr_ocupacion_2152001,2152001,Ingeniero electrónico
hr_ocupacion_2153001,2153001,Ingeniero en telecomunicaciones
hr_ocupacion_2141001,2141001,Ingeniero industrial  y de producción
hr_ocupacion_2144001,2144001,Ingeniero mecánico
hr_ocupacion_2143001,2143001,Ingeniero medio ambientales.
hr_ocupacion_2149001,2149001,Ingeniero no clasificados bajo otros epígrafes
hr_ocupacion_2145001,2145001,Ingeniero químico
hr_ocupacion_2142006,2142006,Ingeniero sanitarios especialista en aguas residuales
hr_ocupacion_3359001,3359001,Inspector de control de precios
hr_ocupacion_2263001,2263001,Inspector de higiene y seguridad laboral
hr_ocupacion_3351003,3351003,Inspector de migración
hr_ocupacion_3351002,3351002,Inspector de pasaportes
hr_ocupacion_3359002,3359002,Inspector de pesas y medidas
hr_ocupacion_3355001,3355001,Inspector de policía
hr_ocupacion_3359003,3359003,Inspector de trabajo y salarios
hr_ocupacion_7111005,7111005,Instalador de acabados prefabricados no tradicionales
hr_ocupacion_8189001,8189001,Instalador de bombas de agua estacionarias e hidroneumáticas
hr_ocupacion_7422003,7422003,Instalador de cable de TV.
hr_ocupacion_7411004,7411004,Instalador de cableado
hr_ocupacion_7422002,7422002,Instalador de fibra óptica
hr_ocupacion_7413001,7413001,Instalador de líneas eléctricas
hr_ocupacion_7422001,7422001,Instalador de líneas Telefónicas
hr_ocupacion_7111006,7111006,Instalador de mármol
hr_ocupacion_7124001,7124001,Instalador de material aislante y de insonorización
hr_ocupacion_7122002,7122002,Instalador de parqué
hr_ocupacion_7111010,7111010,Instalador de postes de tendido eléctrico
hr_ocupacion_7115001,7115001,Instalador de prefabricados
hr_ocupacion_7111009,7111009,Instalador y masillador de tabla yeso
hr_ocupacion_3423002,3423002,Instructor  de actividades recreativas
hr_ocupacion_5165001,5165001,Instructor de autoescuela
hr_ocupacion_3423001,3423001,Instructor de educación física
hr_ocupacion_2352001,2352001,Instructor de vuelos
hr_ocupacion_3422002,3422002,Instructor deportivo
hr_ocupacion_3256004,3256004,Instrumentalista Médico
hr_ocupacion_2643010,2643010,Interprete de dialectos mayas
hr_ocupacion_2643014,2643014,Interprete de idioma alemán
hr_ocupacion_2643013,2643013,Interprete de idioma francés
hr_ocupacion_2643012,2643012,Interprete de idioma ingles
hr_ocupacion_2643015,2643015,Interprete de idioma italiano
hr_ocupacion_2643011,2643011,Interprete de idiomas extranjeros
hr_ocupacion_2643016,2643016,Interprete de otros idiomas
hr_ocupacion_2421004,2421004,Investigador sociales y económicos
hr_ocupacion_6113005,6113005,Jardinero
hr_ocupacion_3333003,3333003,Jefe de capacitación del recurso humano
hr_ocupacion_3434003,3434003,Jefe de cocina ( Chef )
hr_ocupacion_3323002,3323002,Jefe de compras
hr_ocupacion_6122005,6122005,Jefe de granja avícola
hr_ocupacion_3151001,3151001,Jefe de máquina navales
hr_ocupacion_2431003,2431003,Jefe de promociones
hr_ocupacion_3333004,3333004,Jefe de reclutamiento y selección del recurso humano
hr_ocupacion_1321007,1321007,Jefe de taller de soldadura
hr_ocupacion_1321005,1321005,Jefe de taller metalmecánico
hr_ocupacion_2433001,2433001,Jefe de zona (ventas)
hr_ocupacion_9211001,9211001,Jornalero
hr_ocupacion_7313002,7313002,Joyero y orfebre
hr_ocupacion_2612002,2612002,Juez  del ramo laboral
hr_ocupacion_2612004,2612004,Juez  del ramo penal
hr_ocupacion_2612001,2612001,Juez de paz
hr_ocupacion_2612003,2612003,Juez del ramo administrativo
hr_ocupacion_2612005,2612005,Juez del ramo civil
hr_ocupacion_3421003,3421003,Jugador de fútbol profesional
hr_ocupacion_3112005,3112005,Laboratorista de suelos
hr_ocupacion_6121012,6121012,Laboratorista especializado en la cría de cerdos
hr_ocupacion_7315003,7315003,Laminador
hr_ocupacion_8350004,8350004,Lanchero o conductor de lancha a motor
hr_ocupacion_9122001,9122001,Lavador de vehículos a mano
hr_ocupacion_9121003,9121003,Lavandero a mano
hr_ocupacion_9121002,9121002,Lavaplato
hr_ocupacion_9623003,9623003,Lector de contadores de consumo
hr_ocupacion_4131001,4131001,Levantador de texto
hr_ocupacion_9312006,9312006,Liguero (pavimentación de carreteras)
hr_ocupacion_9510001,9510001,Limpiabotas
hr_ocupacion_9112006,9112006,Limpiador de cristales en andamios
hr_ocupacion_9123001,9123001,Limpiador de cristales o ventanas
hr_ocupacion_7133001,7133001,Limpiador de fachadas  deshollinador
hr_ocupacion_3521001,3521001,Locutor
hr_ocupacion_2656001,2656001,Locutor de radio
hr_ocupacion_2342001,2342001,Maestro de educación preprimaria
hr_ocupacion_2341001,2341001,Maestro de educación primaria
hr_ocupacion_3123001,3123001,Maestro de obra
hr_ocupacion_2351001,2351001,Maestro en educación ambiental
hr_ocupacion_2636015,2636015,Maestro mormón
hr_ocupacion_2659001,2659001,Mago e ilusionista
hr_ocupacion_5131002,5131002,Maître
hr_ocupacion_9621005,9621005,Mandadero
hr_ocupacion_8311001,8311001,Maquinista de tren
hr_ocupacion_2652006,2652006,Marimbista
hr_ocupacion_8350001,8350001,Marinero de cubierta
hr_ocupacion_8350002,8350002,Marinero de sala de máquina
hr_ocupacion_3152003,3152003,Marino mercante
hr_ocupacion_7113002,7113002,Marmolista
hr_ocupacion_3230003,3230003,Masajista
hr_ocupacion_7511004,7511004,Matador o sacrificador
hr_ocupacion_2120001,2120001,Matemático
hr_ocupacion_7231006,7231006,Mecánico automotriz diesel
hr_ocupacion_7231005,7231005,Mecánico automotriz gasolina
hr_ocupacion_7231009,7231009,Mecánico con especialidad en motores de inyección
hr_ocupacion_7232003,7232003,Mecánico de aviones
hr_ocupacion_7231002,7231002,Mecánico de frenos
hr_ocupacion_7233006,7233006,Mecánico de mantenimiento de maquinaria industrial
hr_ocupacion_7412006,7412006,Mecánico de máquina de coser industrial
hr_ocupacion_7233007,7233007,Mecánico de máquina y herramientas
hr_ocupacion_7233005,7233005,Mecánico de maquinaria agrícola
hr_ocupacion_7233001,7233001,Mecánico de maquinaria de construcción
hr_ocupacion_7233004,7233004,Mecánico de maquinaria industrial
hr_ocupacion_7231007,7231007,Mecánico de motocicletas
hr_ocupacion_7412005,7412005,Mecánico de refrigeración y aire acondicionado
hr_ocupacion_7231003,7231003,Mecánico de vehículos pesados (camiones y autobuses)
hr_ocupacion_7231004,7231004,Mecánico en alineación
hr_ocupacion_7233002,7233002,Mecánico fresadores
hr_ocupacion_7233003,7233003,Mecánico torneros
hr_ocupacion_7311001,7311001,Mecánico y reparador de instrumentos de precisión
hr_ocupacion_7233008,7233008,Mecánico y reparador de máquina agrícola e industrial
hr_ocupacion_7127001,7127001,mecánico-montador de instalaciones de refrigeración y climatización
hr_ocupacion_2351006,2351006,Mediador pedagógico
hr_ocupacion_2212039,2212039,Médico especialista en  epidemiología
hr_ocupacion_2212040,2212040,Médico especialista en  vascular
hr_ocupacion_2212041,2212041,Médico especialista en administración hospitalaria
hr_ocupacion_2212042,2212042,Médico especialista en alergia e inmunología
hr_ocupacion_2212044,2212044,Médico especialista en anestesiología
hr_ocupacion_2212003,2212003,Médico especialista en cardiología
hr_ocupacion_2212023,2212023,Médico especialista en cardiología pediátrica
hr_ocupacion_2212002,2212002,Médico especialista en cirugía general
hr_ocupacion_2212036,2212036,Médico especialista en cirugía neumológica
hr_ocupacion_2212032,2212032,Médico especialista en cirugía oncológica
hr_ocupacion_2212022,2212022,Médico especialista en cirugía pediátrica
hr_ocupacion_2212004,2212004,"Médico especialista en cirugía plástica, estética y reconstrucción"
hr_ocupacion_2212033,2212033,Médico especialista en cirugía torácica
hr_ocupacion_2212035,2212035,Médico especialista en coloproctología
hr_ocupacion_2212021,2212021,Médico especialista en cuidados intensivos y pediátricos
hr_ocupacion_2212005,2212005,Médico especialista en dermatología
hr_ocupacion_2212006,2212006,"Médico especialista en endocrinología, metabolismo y nutrición"
hr_ocupacion_2212007,2212007,Médico especialista en gastroenterología
hr_ocupacion_2212008,2212008,Médico especialista en ginecología y obstetricia
hr_ocupacion_2212009,2212009,Médico especialista en hematología
hr_ocupacion_2212043,2212043,Médico especialista en insectología
hr_ocupacion_2212010,2212010,Médico especialista en medicina física y rehabilitación
hr_ocupacion_2212011,2212011,Médico especialista en medicina forense
hr_ocupacion_2212001,2212001,Médico especialista en medicina interna
hr_ocupacion_2212034,2212034,Médico especialista en medicina nuclear
hr_ocupacion_2212012,2212012,Médico especialista en nefrología
hr_ocupacion_2212025,2212025,Médico especialista en nefrología pediátrica
hr_ocupacion_2212013,2212013,Médico especialista en neumología y tisiología
hr_ocupacion_2212014,2212014,Médico especialista en neurocirugía
hr_ocupacion_2212037,2212037,Médico especialista en neurofisiología clínica
hr_ocupacion_2212017,2212017,Médico especialista en neurología
hr_ocupacion_2212024,2212024,Médico especialista en neurología pediátrica
hr_ocupacion_2212015,2212015,Médico especialista en oftalmología
hr_ocupacion_2212031,2212031,Médico especialista en oncología clínica y radioterapia
hr_ocupacion_2212016,2212016,Médico especialista en ortopedia y traumatología
hr_ocupacion_2212018,2212018,Médico especialista en otorrinolaringología y broncoesofagología
hr_ocupacion_2212019,2212019,Médico especialista en patología anatómica y física
hr_ocupacion_2212020,2212020,Médico especialista en pediatría
hr_ocupacion_2212026,2212026,Médico especialista en perinatología y neonatología
hr_ocupacion_2212027,2212027,Médico especialista en psiquiatría
hr_ocupacion_2212028,2212028,Médico especialista en radiología
hr_ocupacion_2212029,2212029,Médico especialista en reumatología
hr_ocupacion_2212038,2212038,Médico especialista en ultrasonografía gineco-obtetrica
hr_ocupacion_2212030,2212030,Médico especialista en urología
hr_ocupacion_2211001,2211001,Médico general
hr_ocupacion_2250001,2250001,Médico veterinario
hr_ocupacion_9621003,9621003,Mensajero a pié
hr_ocupacion_9621004,9621004,Mensajero de correos
hr_ocupacion_9621001,9621001,Mensajero en moto
hr_ocupacion_4214003,4214003,Mensajero y cobrador en moto
hr_ocupacion_2431001,2431001,Mercadólogo
hr_ocupacion_5131003,5131003,Mesero de bar y restaurante
hr_ocupacion_2112001,2112001,Meteorólogo
hr_ocupacion_1111002,1111002,Miembro de cuerpo legislativo
hr_ocupacion_1111001,1111001,Miembro del poder ejecutivo
hr_ocupacion_2655005,2655005,Mimo
hr_ocupacion_8111001,8111001,Minero y Operador de instalaciones mineras
hr_ocupacion_2636009,2636009,Ministro
hr_ocupacion_2636007,2636007,Misionero
hr_ocupacion_5241002,5241002,Modelo de arte
hr_ocupacion_5241003,5241003,Modelo de fotografía
hr_ocupacion_5241001,5241001,Modelo de modas
hr_ocupacion_7531003,7531003,Modista
hr_ocupacion_7211002,7211002,Moldeador de acrílicos
hr_ocupacion_7211001,7211001,Moldeador de fibra de vidrio
hr_ocupacion_7211003,7211003,Moldeador de metal
hr_ocupacion_7315002,7315002,Moldeador de vidrio
hr_ocupacion_8160028,8160028,Molinero de cereales y especias
hr_ocupacion_2621002,2621002,Museólogo
hr_ocupacion_2652007,2652007,Musicalizador
hr_ocupacion_2652001,2652001,Músico
hr_ocupacion_2652004,2652004,Músico especializado en instrumento de cuerda
hr_ocupacion_2652002,2652002,Músico especializado en instrumento de percusión
hr_ocupacion_2652003,2652003,Músico especializado en instrumento de viento
hr_ocupacion_3230005,3230005,Naturista
hr_ocupacion_5311001,5311001,Niñera
hr_ocupacion_9312007,9312007,Nivelador de pavimento
hr_ocupacion_2611002,2611002,Notario
hr_ocupacion_5161004,5161004,Numeromántico
hr_ocupacion_2636003,2636003,Obispo
hr_ocupacion_3152002,3152002,Oficial de Cubierta
hr_ocupacion_3151002,3151002,Oficial de máquina navales
hr_ocupacion_3359005,3359005,Oficial de registros civil
hr_ocupacion_3411002,3411002,Oficial de sala de tribunales
hr_ocupacion_7119001,7119001,Oficial y Operario de la construcción (obra gruesa) y afines no clasificados bajo otros epígrafes
hr_ocupacion_7549001,7549001,"Oficial, operario y artesano de artes mecánicas y de otros oficios no clasificados bajo otros epígrafes"
hr_ocupacion_4110001,4110001,Oficinista
hr_ocupacion_7223005,7223005,Operador  de taladradora de metales
hr_ocupacion_8160019,8160019,Operador aséptico de conservas de alimentos
hr_ocupacion_8182006,8182006,Operador de  calderas
hr_ocupacion_3132001,3132001,Operador de  instalaciones de tratamiento de agua y afines
hr_ocupacion_3211002,3211002,Operador de aparatos de electrocardiologia
hr_ocupacion_3211003,3211003,Operador de aparatos de electroencefalografía
hr_ocupacion_3211001,3211001,Operador de aparatos radiológicos
hr_ocupacion_8344001,8344001,Operador de autoelevadoras
hr_ocupacion_8343004,8343004,Operador de bomba concretera
hr_ocupacion_3511003,3511003,Operador de cabina de proyección cinematográfica
hr_ocupacion_3132002,3132002,Operador de cadenas de montaje automatizadas
hr_ocupacion_8182001,8182001,Operador de calderas para secado de madera
hr_ocupacion_8332005,8332005,Operador de cargador frontal
hr_ocupacion_8160006,8160006,Operador de centrifugadoras de azúcar
hr_ocupacion_7223007,7223007,Operador de cepilladora de metales
hr_ocupacion_8112004,8112004,Operador de cortadoras de mármol
hr_ocupacion_8160004,8160004,Operador de cristalizadores de azúcar (refinación)
hr_ocupacion_3131001,3131001,Operador de cuadro de control de generadores
hr_ocupacion_3131002,3131002,Operador de cuadro de distribución de central eléctrica
hr_ocupacion_3134002,3134002,Operador de destilería e instalaciones de refinación de petróleo y gas natural
hr_ocupacion_8160003,8160003,Operador de difusoras de azúcar de remolacha
hr_ocupacion_8342009,8342009,Operador de dosificadora
hr_ocupacion_8342010,8342010,Operador de draga
hr_ocupacion_8160001,8160001,Operador de envasadoras de azúcar
hr_ocupacion_3431002,3431002,Operador de equipo de grabación y video
hr_ocupacion_3431003,3431003,Operador de equipo de sonido
hr_ocupacion_8111002,8111002,Operador de equipos de detección de vetas
hr_ocupacion_9112002,9112002,Operador de equipos de limpieza de alfombras y moquetes
hr_ocupacion_8112003,8112003,Operador de equipos para taladrar y/o labrar piedra
hr_ocupacion_9312008,9312008,Operador de escobas (pavimentado)
hr_ocupacion_7223008,7223008,Operador de esmeriladora de metales
hr_ocupacion_8160002,8160002,Operador de evaporadores de azúcar
hr_ocupacion_8342003,8342003,Operador de excavadora
hr_ocupacion_8112001,8112001,Operador de excavadoras de cantera de mármol
hr_ocupacion_7223011,7223011,Operador de extrusora de metales
hr_ocupacion_7223006,7223006,Operador de fresadora de metales
hr_ocupacion_8160038,8160038,Operador de frigoríficos para la conservación de productos lácteos
hr_ocupacion_8343002,8343002,Operador de grúa móvil
hr_ocupacion_8344002,8344002,Operador de grúa torre
hr_ocupacion_8182008,8182008,Operador de hornos de baldosas
hr_ocupacion_8182011,8182011,"Operador de hornos de cerámica, loza y porcelana"
hr_ocupacion_8182009,8182009,"Operador de hornos de fabricación, fundición o recocido de vidrio"
hr_ocupacion_8182010,8182010,Operador de hornos de ladrillo y tejas
hr_ocupacion_3132003,3132003,Operador de incineradores u hornos de cremación
hr_ocupacion_8160029,8160029,Operador de instalaciones de elaboración de vino
hr_ocupacion_3131003,3131003,Operador de instalaciones de la central hidroeléctrica o termoeléctrica
hr_ocupacion_8121002,8121002,Operador de instalaciones de procesamiento de metales
hr_ocupacion_8171001,8171001,Operador de instalaciones para la preparación de pasta para papel y papel
hr_ocupacion_8131011,8131011,"Operador de instalaciones quebrantadoras, trituradoras y mezcladoras de sustancias químicas"
hr_ocupacion_8172001,8172001,Operador de lijadora de madera
hr_ocupacion_7223009,7223009,Operador de mandriladora de metales
hr_ocupacion_8143001,8143001,Operador de máquina  encuadernadora
hr_ocupacion_8111004,8111004,Operador de máquina aglomeradoras de piedra pulverizada
hr_ocupacion_8342006,8342006,Operador de máquina aplanadora
hr_ocupacion_8154001,8154001,Operador de máquina blanqueadora de productos textiles o blanqueador de textiles
hr_ocupacion_8122002,8122002,Operador de máquina bobinadora
hr_ocupacion_8151001,8151001,Operador de máquina bobinadora de hilo
hr_ocupacion_8122003,8122003,Operador de máquina bruñidora de metales
hr_ocupacion_8131001,8131001,Operador de máquina capsuladora
hr_ocupacion_8172010,8172010,Operador de máquina cepilladora y/o canteadora
hr_ocupacion_8160014,8160014,Operador de máquina congeladoras de carne o pescado
hr_ocupacion_8160021,8160021,"Operador de máquina conservadoras de fruta, legumbres o verduras"
hr_ocupacion_8155001,8155001,Operador de máquina cortadora de cueros
hr_ocupacion_8172009,8172009,Operador de máquina cortadora de madera
hr_ocupacion_8172002,8172002,Operador de máquina de acabado de madera
hr_ocupacion_8152001,8152001,Operador de máquina de bordar
hr_ocupacion_8159005,8159005,Operador de máquina de coser
hr_ocupacion_8159009,8159009,Operador de máquina de coser cuero
hr_ocupacion_8153003,8153003,Operador de máquina de coser pieles
hr_ocupacion_8153004,8153004,Operador de máquina de coser prendas de vestir y otros artículos textiles
hr_ocupacion_8153005,8153005,Operador de máquina de coser sombreros
hr_ocupacion_8153006,8153006,Operador de máquina de coser tapicería de muebles
hr_ocupacion_8159010,8159010,Operador de máquina de curtiduría
hr_ocupacion_8122004,8122004,Operador de máquina de curvado  de metales
hr_ocupacion_8155002,8155002,Operador de máquina de descarne de cueros
hr_ocupacion_8160030,8160030,Operador de máquina de elaboración de bebidas sin alcohol
hr_ocupacion_8160041,8160041,Operador de máquina de elaboración de chocolates
hr_ocupacion_8160042,8160042,Operador de máquina de elaboración de dulces
hr_ocupacion_8160037,8160037,Operador de máquina de elaboración de leche en polvo
hr_ocupacion_8160046,8160046,Operador de máquina de elaboración de pastas alimenticias
hr_ocupacion_8160039,8160039,"Operador de máquina de elaboración de productos lácteos,"
hr_ocupacion_8160032,8160032,Operador de máquina de elaboración de vinagre
hr_ocupacion_8159001,8159001,Operador de máquina de estirado de pieles
hr_ocupacion_8160031,8160031,Operador de máquina de extracción o refinación de aceites comestibles
hr_ocupacion_8151002,8151002,Operador de máquina de fabricación de alfombras
hr_ocupacion_8143002,8143002,Operador de máquina de fabricación de artículos de cartón
hr_ocupacion_8143003,8143003,Operador de máquina de fabricación de artículos de papel
hr_ocupacion_8181004,8181004,Operador de máquina de fabricación de botellas u otros artículos de vidrio
hr_ocupacion_8151003,8151003,Operador de máquina de fabricación de colchones
hr_ocupacion_8131002,8131002,Operador de máquina de fabricación de cosméticos
hr_ocupacion_8131003,8131003,Operador de máquina de fabricación de detergentes
hr_ocupacion_8131004,8131004,Operador de máquina de fabricación de fósforos
hr_ocupacion_8181005,8181005,Operador de máquina de fabricación de loza y porcelana
hr_ocupacion_8152002,8152002,Operador de máquina de fabricación de mallas o redes
hr_ocupacion_8172003,8172003,Operador de máquina de fabricación de muebles
hr_ocupacion_8121003,8121003,Operador de máquina de fabricación de municiones
hr_ocupacion_8141001,8141001,Operador de máquina de fabricación de neumáticos
hr_ocupacion_8172004,8172004,Operador de máquina de fabricación de objetos de madera
hr_ocupacion_8155003,8155003,Operador de máquina de fabricación de patrones textiles o de cuero
hr_ocupacion_8160015,8160015,Operador de máquina de fabricación de productos de carne o pescado
hr_ocupacion_8141002,8141002,Operador de máquina de fabricación de productos de caucho
hr_ocupacion_8131005,8131005,Operador de máquina de fabricación de productos de pirotecnia
hr_ocupacion_8131006,8131006,Operador de máquina de fabricación de productos farmacéuticos
hr_ocupacion_8181006,8181006,Operador de máquina de fabricación o tratamiento de cerámica
hr_ocupacion_8160033,8160033,Operador de máquina de fermentación o cocción de malta
hr_ocupacion_8160034,8160034,Operador de máquina de germinación o secado de malta
hr_ocupacion_7523001,7523001,Operador de máquina de grabado de madera
hr_ocupacion_8151012,8151012,Operador de máquina de hilado de fibras sintéticas
hr_ocupacion_8151004,8151004,Operador de máquina de hilado de hilo
hr_ocupacion_7321001,7321001,Operador de máquina de imprenta (fototipia y offset)
hr_ocupacion_7322004,7322004,Operador de máquina de impresión sobre textiles
hr_ocupacion_8172005,8172005,Operador de máquina de labrado de madera
hr_ocupacion_8131007,8131007,Operador de máquina de limpieza en seco
hr_ocupacion_8181007,8181007,Operador de máquina de mezcladora  de  materiales  para producir  vidrio
hr_ocupacion_9312009,9312009,Operador de máquina de pintura de carretera
hr_ocupacion_8172006,8172006,Operador de máquina de pintura sobre madera
hr_ocupacion_8122005,8122005,Operador de máquina de pintura sobre metales
hr_ocupacion_8159006,8159006,Operador de máquina de planchado
hr_ocupacion_8181009,8181009,Operador de máquina de preparación de esmaltes
hr_ocupacion_8160048,8160048,Operador de máquina de procesamiento de granos
hr_ocupacion_8172012,8172012,Operador de máquina de procesamiento de madera
hr_ocupacion_8160011,8160011,Operador de máquina de producción de azúcar
hr_ocupacion_8181008,8181008,Operador de máquina de producción de fibra de vidrio
hr_ocupacion_8131008,8131008,Operador de máquina de producción de gas
hr_ocupacion_8160025,8160025,Operador de máquina de producción de jugos de frutas o vegetales
hr_ocupacion_8160035,8160035,Operador de máquina de producción de licores
hr_ocupacion_8160047,8160047,Operador de máquina de productos de tabaco o tabacalero
hr_ocupacion_8160045,8160045,Operador de máquina de repostería
hr_ocupacion_8132004,8132004,Operador de máquina de revelado o ampliación de películas cinematográficas
hr_ocupacion_8132005,8132005,Operador de máquina de revelado o ampliación de películas fotográficas
hr_ocupacion_8159002,8159002,Operador de máquina de secado de productos textiles
hr_ocupacion_8159003,8159003,Operador de máquina de sombrerería
hr_ocupacion_8155004,8155004,Operador de máquina de tintura de cueros
hr_ocupacion_8151005,8151005,Operador de máquina de tintura de hilados o prendas de vestir
hr_ocupacion_8141003,8141003,Operador de máquina de tratamiento de caucho
hr_ocupacion_8153007,8153007,Operador de máquina de urdido
hr_ocupacion_8182003,8182003,Operador de máquina de vapor
hr_ocupacion_8155005,8155005,Operador de máquina depiladoras de cueros
hr_ocupacion_8160050,8160050,Operador de máquina descortezadora de granos
hr_ocupacion_8160023,8160023,Operador de máquina deshidratadoras de alimentos
hr_ocupacion_8183001,8183001,Operador de máquina embaladoras
hr_ocupacion_8183002,8183002,Operador de máquina embotelladoras
hr_ocupacion_8122013,8122013,Operador de máquina empalmadora de cabos y cables
hr_ocupacion_8160016,8160016,Operador de máquina enlatadoras de carne o pescado
hr_ocupacion_8160026,8160026,"Operador de máquina enlatadoras de frutas, legumbres o verduras"
hr_ocupacion_8160017,8160017,Operador de máquina esterilizadoras de carne o pescado
hr_ocupacion_8160020,8160020,"Operador de máquina esterilizadoras de frutas, legumbres o verduras"
hr_ocupacion_8183003,8183003,"Operador de máquina etiquetadoras, rotuladoras o marcadoras de mercadería"
hr_ocupacion_8142004,8142004,Operador de máquina extrusora de material plástico
hr_ocupacion_8172011,8172011,Operador de máquina fresadora o perforadora de madera
hr_ocupacion_8151006,8151006,Operador de máquina impermeabilizadoras de productos textiles o impermeabilizador textil
hr_ocupacion_8155006,8155006,Operador de máquina lavadora de cueros
hr_ocupacion_8151007,8151007,Operador de máquina lavadora de fibras textiles
hr_ocupacion_8183005,8183005,Operador de máquina lavadoras de botellas
hr_ocupacion_8160024,8160024,"Operador de máquina lavadoras de frutas, legumbres o verduras"
hr_ocupacion_8159011,8159011,Operador de máquina lavadoras de productos textiles o limpiadores de tintorería
hr_ocupacion_8157001,8157001,Operador de máquina lavarropas
hr_ocupacion_8342011,8342011,Operador de máquina levantadora de asfalto
hr_ocupacion_8122014,8122014,Operador de máquina mandriladora de metales
hr_ocupacion_8159004,8159004,Operador de máquina mechera de fibras textiles
hr_ocupacion_8151008,8151008,Operador de máquina mezcladora de fibras textiles
hr_ocupacion_8160054,8160054,Operador de máquina mezcladoras de café
hr_ocupacion_8160052,8160052,Operador de máquina mezcladoras de té
hr_ocupacion_8160055,8160055,Operador de máquina moledoras de café
hr_ocupacion_8342012,8342012,Operador de máquina moto niveladora
hr_ocupacion_8181003,8181003,Operador de máquina para el acabado de vidrio
hr_ocupacion_8114001,8114001,Operador de máquina para fabricar cemento y otros productos minerales
hr_ocupacion_8142001,8142001,Operador de máquina para fabricar productos de material plástico
hr_ocupacion_8131012,8131012,Operador de máquina para fabricar productos químicos
hr_ocupacion_8159012,8159012,Operador de máquina para fabricar productos textiles y artículos de piel y cuero
hr_ocupacion_8122006,8122006,Operador de máquina para grabados  de metales
hr_ocupacion_8151009,8151009,Operador de máquina para la fabricación de artículos de marroquinería
hr_ocupacion_8156001,8156001,Operador de máquina para la fabricación de calzado
hr_ocupacion_8181002,8181002,Operador de máquina para tratamiento de vidrio
hr_ocupacion_8160036,8160036,Operador de máquina pasteurizadoras de leche
hr_ocupacion_8342007,8342007,Operador de máquina pavimentadora
hr_ocupacion_8151010,8151010,Operador de máquina peinadora de fibras textiles
hr_ocupacion_8160013,8160013,Operador de máquina preparadoras de carne o pescado
hr_ocupacion_8160018,8160018,Operador de máquina procesadoras de carne o pescado
hr_ocupacion_8160022,8160022,"Operador de máquina procesadoras de fruta, legumbres o verduras"
hr_ocupacion_8160009,8160009,Operador de máquina producción de azúcar
hr_ocupacion_8342013,8342013,Operador de máquina productora de asfalto
hr_ocupacion_8122007,8122007,Operador de máquina pulidora de metales
hr_ocupacion_8160012,8160012,Operador de máquina pulverizadoras de azúcar
hr_ocupacion_8112005,8112005,Operador de máquina quebrantadoras o pulverizadoras de piedra
hr_ocupacion_8122008,8122008,Operador de máquina recubridora de metales
hr_ocupacion_8141005,8141005,Operador de máquina reencauchadora de neumáticos
hr_ocupacion_8151011,8151011,Operador de máquina retorcedoras de hilo
hr_ocupacion_8183004,8183004,Operador de máquina selladoras
hr_ocupacion_8122009,8122009,Operador de máquina taladradora o ranuradora de metales
hr_ocupacion_8152003,8152003,Operador de máquina tejedora
hr_ocupacion_8152007,8152007,Operador de máquina tejedora de calcetería
hr_ocupacion_8152004,8152004,Operador de máquina tejedoras de encajes
hr_ocupacion_8160057,8160057,Operador de máquina tostadoras de cacao
hr_ocupacion_8160056,8160056,Operador de máquina tostadoras de café
hr_ocupacion_8189002,8189002,"Operador de máquina, carpintería mecánica"
hr_ocupacion_8182002,8182002,"Operador de máquina, montajes de calderas"
hr_ocupacion_8111003,8111003,Operador de maquinaria de extracción de minerales
hr_ocupacion_8160043,8160043,Operador de maquinarias de elaboración de pasteles
hr_ocupacion_8160044,8160044,Operador de maquinarias de panadería
hr_ocupacion_7512004,7512004,Operador de máquinas amasadoras y refinadoras
hr_ocupacion_8112006,8112006,Operador de maquinas aserradoras o cortadoras de piedra
hr_ocupacion_8341002,8341002,"Operador de maquinas cosechadoras, segadoras y/o trilladoras"
hr_ocupacion_8112007,8112007,Operador de máquinas trituradoras de arcilla
hr_ocupacion_3132004,3132004,Operador de mezcladora
hr_ocupacion_8342008,8342008,Operador de mini tractor
hr_ocupacion_8160051,8160051,Operador de molinos de arroz
hr_ocupacion_8160010,8160010,Operador de molinos de azúcar
hr_ocupacion_8160049,8160049,Operador de molinos de cereales
hr_ocupacion_8160053,8160053,Operador de molinos de especias
hr_ocupacion_8343006,8343006,Operador de montacargas
hr_ocupacion_8342005,8342005,Operador de niveladora
hr_ocupacion_7223012,7223012,Operador de otras máquina herramientas
hr_ocupacion_8342004,8342004,Operador de pala mecánica
hr_ocupacion_9211004,9211004,Operador de patio de caña de azúcar
hr_ocupacion_8350003,8350003,Operador de pequeñas embarcaciones
hr_ocupacion_8342014,8342014,Operador de perforadores de concreto o asfalto
hr_ocupacion_8342015,8342015,Operador de piloteadora
hr_ocupacion_9312010,9312010,Operador de pipas de agua (pavimentado)
hr_ocupacion_7111007,7111007,Operador de placas prefabricadas
hr_ocupacion_4222002,4222002,Operador de planta telefónica
hr_ocupacion_7223004,7223004,Operador de prensa de metales
hr_ocupacion_8211004,8211004,Operador de prensa rotativa
hr_ocupacion_8122010,8122010,Operador de proceso de cromado
hr_ocupacion_8122011,8122011,Operador de proceso de niquelación
hr_ocupacion_3511002,3511002,Operador de radio de navegación aérea
hr_ocupacion_3522003,3522003,Operador de radio de Navegación Marítima
hr_ocupacion_7223010,7223010,Operador de rectificadora de metales
hr_ocupacion_8342016,8342016,Operador de retroexcavadora
hr_ocupacion_8159007,8159007,Operador de ribeteador textil
hr_ocupacion_8212002,8212002,Operador de robots industriales
hr_ocupacion_8160007,8160007,Operador de secadoras de azúcar
hr_ocupacion_8160008,8160008,Operador de tachos (tachero)
hr_ocupacion_8152005,8152005,Operador de telar circular
hr_ocupacion_8152006,8152006,Operador de telar plano
hr_ocupacion_7223003,7223003,Operador de torno de metales
hr_ocupacion_7223002,7223002,Operador de torno de metalurgia
hr_ocupacion_3332002,3332002,Operador de tours
hr_ocupacion_3332004,3332004,Operador de turismo
hr_ocupacion_3118005,3118005,Operador dibujante en sistemas de diseño asistido por ordenador
hr_ocupacion_6113009,6113009,Operador empacador de frutas u hortalizas
hr_ocupacion_8211006,8211006,Operador ensamblador de máquina herramientas
hr_ocupacion_8211005,8211005,Operador ensamblador de maquinaria de imprenta
hr_ocupacion_8219002,8219002,Operador ensamblador de maquinaria textil
hr_ocupacion_8219003,8219003,Operador ensamblador de productos de madera
hr_ocupacion_8212003,8212003,Operador ensamblador de prótesis auditivas
hr_ocupacion_8181001,8181001,Operador Instalador de vidrios
hr_ocupacion_8160040,8160040,Operador llenador de tetra pak
hr_ocupacion_3131004,3131004,Operador rectificador de energía eléctrica
hr_ocupacion_3131005,3131005,Operador repartidor de cargas de energía eléctrica
hr_ocupacion_3135001,3135001,"Operador, convertidor / acero (procedimiento a oxigeno ld)"
hr_ocupacion_8159008,8159008,Operario de calandrador textil
hr_ocupacion_6122001,6122001,Operario de embandejado de productos avícolas
hr_ocupacion_6122007,6122007,Operario de incubación de granja avícola
hr_ocupacion_8131009,8131009,Operario de industria farmacéutica.
hr_ocupacion_8142002,8142002,Operario de la industria de transformación del plástico
hr_ocupacion_8153002,8153002,Operario de maquinas de coser industriales especiales
hr_ocupacion_8153001,8153001,Operario de máquinas de coser plana y overlock
hr_ocupacion_6122002,6122002,Operario de producción de productos avícolas
hr_ocupacion_8182007,8182007,Operario de tratamiento térmico
hr_ocupacion_7521001,7521001,Operario del tratamiento de la madera
hr_ocupacion_7114001,7114001,"Operario en cemento armado, enfoscadores y afines"
hr_ocupacion_8212004,8212004,Operario ensamblador de componentes eléctricos o armador de artefactos eléctricos
hr_ocupacion_8212005,8212005,Operario ensamblador de componentes electrónicos
hr_ocupacion_8212006,8212006,Operario ensamblador de equipos microelectrónicos
hr_ocupacion_8341004,8341004,Operario ensamblador de maquinaria agrícolas
hr_ocupacion_8219004,8219004,Operario ensamblador de maquinaria industrial
hr_ocupacion_8211007,8211007,Operario ensamblador de maquinaria mecánica
hr_ocupacion_8211008,8211008,Operario ensamblador de mecanismos mecánico
hr_ocupacion_8219005,8219005,Operario ensamblador de muebles metálicos
hr_ocupacion_8141004,8141004,Operario ensamblador de productos de caucho
hr_ocupacion_8155007,8155007,Operario ensamblador de productos de cuero
hr_ocupacion_8142003,8142003,Operario ensamblador de productos de material plástico
hr_ocupacion_8122012,8122012,Operario ensamblador de productos de metal
hr_ocupacion_8151013,8151013,Operario ensamblador de productos textiles
hr_ocupacion_8212007,8212007,Operario ensamblador de receptores de radio
hr_ocupacion_8212008,8212008,Operario ensamblador de receptores de televisión
hr_ocupacion_8132001,8132001,Operario laboratorios fotográficos/revelado de películas
hr_ocupacion_8160027,8160027,Operario para envasado en planta
hr_ocupacion_8143004,8143004,Operarios ensambladores de productos de cartón
hr_ocupacion_2267001,2267001,Optometrista
hr_ocupacion_3332001,3332001,Organizador de eventos
hr_ocupacion_5163003,5163003,Organizador de servicios funerarios
hr_ocupacion_3332003,3332003,Organizador de viajes
hr_ocupacion_3333006,3333006,Orientador vocacional y laboral
hr_ocupacion_9129001,9129001,Otro personal de limpieza
hr_ocupacion_3359006,3359006,Otros Inspector de la administración pública
hr_ocupacion_3435001,3435001,Otros profesionales de nivel medio en actividades culturales y artísticas
hr_ocupacion_2354001,2354001,Otros Profesor de música
hr_ocupacion_7512002,7512002,Panadero
hr_ocupacion_7512001,7512001,Panadero de restaurante
hr_ocupacion_3434005,3434005,Parrillero
hr_ocupacion_3222001,3222001,Partera de nivel medio
hr_ocupacion_3411004,3411004,Pasante de Abogado
hr_ocupacion_6121014,6121014,Pastor (cabras y ovejas)
hr_ocupacion_2636005,2636005,Pastor evangélico
hr_ocupacion_2212045,2212045,Patólogo
hr_ocupacion_2636018,2636018,Patriarca
hr_ocupacion_3152004,3152004,Patrón de barco o yate
hr_ocupacion_7532002,7532002,Patronista de calzado
hr_ocupacion_7532001,7532001,Patronista industrial
hr_ocupacion_5414006,5414006,Patrullero particular
hr_ocupacion_2659002,2659002,Payaso
hr_ocupacion_2351003,2351003,Pedagogo
hr_ocupacion_5142005,5142005,Pedicurista y manicurista
hr_ocupacion_7531001,7531001,Peletero
hr_ocupacion_7535002,7535002,Pellejero
hr_ocupacion_5141002,5141002,Peluquero
hr_ocupacion_8342002,8342002,"Perforador y Operario de Minería de Superficie, Canteras y Construcción"
hr_ocupacion_8113002,8113002,Perforador y sondista de pozos y afines
hr_ocupacion_2642001,2642001,Periodista
hr_ocupacion_4311002,4311002,Perito contador
hr_ocupacion_3142001,3142001,Peritos agrónomo
hr_ocupacion_9622001,9622001,Persona que realiza trabajos varios
hr_ocupacion_4419001,4419001,Personal de apoyo y administrativo no clasificado bajo otros epígrafes.
hr_ocupacion_5411004,5411004,Personal de asistencia a afectados por desastres
hr_ocupacion_5419001,5419001,Personal de los servicios de protección no clasificados bajo otros epígrafes
hr_ocupacion_5411003,5411003,Personal de prevención de desastres
hr_ocupacion_6222001,6222001,Pescador de agua dulce (artesanal)
hr_ocupacion_6222002,6222002,Pescador de aguas costeras
hr_ocupacion_6223001,6223001,Pescador de alta mar
hr_ocupacion_6340001,6340001,"Pescador, cazador, trampero y recolector de subsistencia"
hr_ocupacion_9311006,9311006,Picador de piedra
hr_ocupacion_9331001,9331001,Piloto de  bicitaxis
hr_ocupacion_8331001,8331001,Piloto de autobuses
hr_ocupacion_3153001,3153001,Piloto de avión
hr_ocupacion_8331003,8331003,Piloto de buses escolares
hr_ocupacion_8332004,8332004,Piloto de cabezal
hr_ocupacion_8332003,8332003,Piloto de camión mezclador
hr_ocupacion_8332001,8332001,Piloto de camiones
hr_ocupacion_9332001,9332001,Piloto de carros de caballos (turismo)
hr_ocupacion_8321004,8321004,Piloto de moto taxis
hr_ocupacion_8332002,8332002,Piloto de tráiler
hr_ocupacion_8331002,8331002,Piloto de transmetro
hr_ocupacion_8322001,8322001,Piloto de vehículos livianos repartidores de productos
hr_ocupacion_2651002,2651002,Pintor
hr_ocupacion_7213002,7213002,Pintor de carrocerías
hr_ocupacion_7131001,7131001,Pintor de edificios
hr_ocupacion_7131003,7131003,Pintor de vallas publicitarias
hr_ocupacion_7131002,7131002,Pintor de viviendas
hr_ocupacion_7316002,7316002,Pintor Decorador de cerámica
hr_ocupacion_7122001,7122001,Pisero
hr_ocupacion_9121001,9121001,Planchador a mano
hr_ocupacion_3112004,3112004,Planillero (obras públicas)
hr_ocupacion_7313001,7313001,Platero
hr_ocupacion_7533002,7533002,Plegadora
hr_ocupacion_7126001,7126001,Plomero
hr_ocupacion_6210005,6210005,Podador
hr_ocupacion_3230002,3230002,Podólogo
hr_ocupacion_5412002,5412002,Policía de caminos
hr_ocupacion_5412003,5412003,Policía de tránsito
hr_ocupacion_5412005,5412005,Policía de turismo
hr_ocupacion_5412001,5412001,Policía nacional civil
hr_ocupacion_2633003,2633003,Politólogo
hr_ocupacion_5414004,5414004,Portero de discoteca o local recreativo
hr_ocupacion_5414007,5414007,Portero de hotel
hr_ocupacion_5419002,5419002,Portero de organismo oficial
hr_ocupacion_5414002,5414002,Portero de vivienda
hr_ocupacion_8113001,8113001,Posero con maquinaria industrial
hr_ocupacion_3256001,3256001,Practicante e internista
hr_ocupacion_2240001,2240001,Practicante paramédico
hr_ocupacion_3413003,3413003,Presbítero
hr_ocupacion_2656002,2656002,Presentador televisivo
hr_ocupacion_3312001,3312001,Prestamista de créditos
hr_ocupacion_4213001,4213001,Prestamista de dinero
hr_ocupacion_4213002,4213002,Prestamista de prendas
hr_ocupacion_2659003,2659003,Prestidigitador
hr_ocupacion_7514003,7514003,Procesador de conservas
hr_ocupacion_7514002,7514002,Procesador de mermelada
hr_ocupacion_7511006,7511006,Procesador de pescado y mariscos (limpieza y destase)
hr_ocupacion_7514001,7514001,Procesador de productos a base de frutas y verduras
hr_ocupacion_7513001,7513001,Procesador de productos lácteos
hr_ocupacion_2221001,2221001,Profesional de enfermería
hr_ocupacion_2359001,2359001,Profesional de la enseñanza no clasificados bajo otros epígrafes
hr_ocupacion_2133001,2133001,Profesional de la protección medio ambiental
hr_ocupacion_3259001,3259001,Profesional de la salud de nivel medio no clasificados bajo otros epígrafes
hr_ocupacion_2269001,2269001,Profesional de la salud no clasificados en otros epígrafes
hr_ocupacion_2230001,2230001,Profesional de medicina tradicional y alternativa
hr_ocupacion_3314001,3314001,"Profesional de nivel medio de servicios estadísticos, matemáticos y afines"
hr_ocupacion_2222001,2222001,Profesional de partería
hr_ocupacion_2523001,2523001,Profesional en redes de computadoras
hr_ocupacion_2330001,2330001,Profesor  de Física
hr_ocupacion_2330002,2330002,Profesor de agroindustrias
hr_ocupacion_2330003,2330003,Profesor de artes industriales
hr_ocupacion_2355001,2355001,Profesor de bellas artes
hr_ocupacion_2330004,2330004,Profesor de Biología
hr_ocupacion_2330005,2330005,Profesor de botánica
hr_ocupacion_2330006,2330006,Profesor de calidad de alimentos
hr_ocupacion_2330007,2330007,Profesor de cartografía
hr_ocupacion_2330008,2330008,Profesor de cuencas hidrográficas
hr_ocupacion_2330009,2330009,Profesor de dasometría de la zona
hr_ocupacion_2330010,2330010,Profesor de Economía Contable
hr_ocupacion_2330011,2330011,Profesor de educación en artes plásticas.
hr_ocupacion_2352003,2352003,Profesor de educación especial
hr_ocupacion_2330012,2330012,Profesor de educación musical
hr_ocupacion_2330013,2330013,Profesor de educación para el hogar
hr_ocupacion_2330014,2330014,Profesor de entomología
hr_ocupacion_2320001,2320001,Profesor de formación profesional
hr_ocupacion_2330015,2330015,Profesor de Historia
hr_ocupacion_2353005,2353005,Profesor de idioma francés
hr_ocupacion_2353006,2353006,Profesor de idioma ingles
hr_ocupacion_2356001,2356001,Profesor de informática y computación
hr_ocupacion_2330016,2330016,Profesor de manejo y conservación de suelos
hr_ocupacion_2330017,2330017,Profesor de Matemática
hr_ocupacion_2330018,2330018,Profesor de matemáticas
hr_ocupacion_2330019,2330019,Profesor de nutrición vegetal
hr_ocupacion_2353008,2353008,Profesor de otros idiomas guatemaltecos
hr_ocupacion_2330020,2330020,Profesor de pastos y forrajes
hr_ocupacion_2330021,2330021,Profesor de psicología
hr_ocupacion_2330022,2330022,Profesor de taxonomía vegetal
hr_ocupacion_2330023,2330023,Profesor de topografía
hr_ocupacion_2353007,2353007,Profesor del idioma alemán
hr_ocupacion_2353001,2353001,Profesor del idioma cackchiquel
hr_ocupacion_2353002,2353002,Profesor del idioma k'iche
hr_ocupacion_2353003,2353003,Profesor del idioma mam
hr_ocupacion_2353004,2353004,Profesor del idioma q'eqchi'
hr_ocupacion_2330024,2330024,Profesor en  filosofía
hr_ocupacion_2330025,2330025,Profesor en  lengua y literatura clásica
hr_ocupacion_2330026,2330026,Profesor en pedagogía y ciencias de la educación
hr_ocupacion_2514001,2514001,Programador de aplicaciones
hr_ocupacion_2634001,2634001,Psicólogo
hr_ocupacion_2634002,2634002,Psicólogo clínico ( psicoterapeuta)
hr_ocupacion_2634003,2634003,Psicólogo educativo (psicopedagogo)
hr_ocupacion_2634005,2634005,Psicólogo forense
hr_ocupacion_2634006,2634006,Psicólogo laboral o industrial
hr_ocupacion_2634004,2634004,Psicólogo social
hr_ocupacion_2431002,2431002,Publicista
hr_ocupacion_7315004,7315004,Pulidor de vidrio
hr_ocupacion_7224002,7224002,Pulidor especializado en el tratamiento de metales
hr_ocupacion_7315006,7315006,Pulidor y/o tallador de lentes ópticos
hr_ocupacion_7513002,7513002,Quesero
hr_ocupacion_2113001,2113001,Químico
hr_ocupacion_5161003,5161003,Quiromántico
hr_ocupacion_3230001,3230001,Quiropráctico
hr_ocupacion_2636014,2636014,Rabino
hr_ocupacion_9312011,9312011,Rastrillero (pavimentación de carreteras)
hr_ocupacion_7412004,7412004,Rebobinador de motores
hr_ocupacion_3352002,3352002,Recaudador de impuestos
hr_ocupacion_4226001,4226001,Recepcionista de empresa
hr_ocupacion_4224001,4224001,Recepcionista de hotel
hr_ocupacion_5169002,5169002,Recepcionista y/o acompañante de club nocturno
hr_ocupacion_4212001,4212001,Receptor de apuestas
hr_ocupacion_4211002,4211002,Receptor pagadores
hr_ocupacion_9623002,9623002,Recolector de dinero en aparatos automáticos (no ventas)
hr_ocupacion_9623001,9623001,Recolector de dinero en aparatos de venta automática
hr_ocupacion_8160005,8160005,Refinador de ingenio azucarero
hr_ocupacion_6210003,6210003,Reforestador
hr_ocupacion_3143001,3143001,Regente forestal
hr_ocupacion_2432001,2432001,Relacionista público
hr_ocupacion_7319003,7319003,Relojero
hr_ocupacion_3315002,3315002,Rematador de mercancía
hr_ocupacion_7422004,7422004,Reparador  de líneas de cable de TV.
hr_ocupacion_7412008,7412008,Reparador de aparatos electro-domésticos
hr_ocupacion_7421001,7421001,Reparador de aparatos electrónicos
hr_ocupacion_7234001,7234001,Reparador de bicicletas y afines
hr_ocupacion_7536005,7536005,Reparador de calzado
hr_ocupacion_7413002,7413002,Reparador de líneas eléctricas
hr_ocupacion_9629002,9629002,Reparador de llantas de vehículos
hr_ocupacion_8321002,8321002,Repartidor   de periódicos en moto
hr_ocupacion_9621002,9621002,Repartidor de alimentos preparados
hr_ocupacion_8321001,8321001,Repartidor de comida rápida en moto
hr_ocupacion_8321003,8321003,Repartidor de repuestos de vehículos en moto
hr_ocupacion_2642006,2642006,Reportero escrito
hr_ocupacion_2642004,2642004,Reportero gráfico
hr_ocupacion_7512003,7512003,Repostero
hr_ocupacion_3339004,3339004,Representant artísticos
hr_ocupacion_3322001,3322001,Representante comercial
hr_ocupacion_8132003,8132003,Restaurador de fotografías
hr_ocupacion_7319001,7319001,Restaurador de imágenes religiosas
hr_ocupacion_7319002,7319002,Restaurador de muebles antiguos
hr_ocupacion_8132002,8132002,Revelador negativos/color (fotografía)
hr_ocupacion_4413003,4413003,Revisor de forma y estilo
hr_ocupacion_5112001,5112001,Revisor de ticket de transporte
hr_ocupacion_2636004,2636004,Sacerdote cristiano
hr_ocupacion_2636011,2636011,Sacerdote maya
hr_ocupacion_7531002,7531002,Sastre
hr_ocupacion_4120001,4120001,Secretaria
hr_ocupacion_4120004,4120004,Secretaría administrativa
hr_ocupacion_4120002,4120002,Secretaria bilingüe
hr_ocupacion_4120003,4120003,Secretaria comercial
hr_ocupacion_4120007,4120007,Secretaria contadora
hr_ocupacion_4120006,4120006,Secretaria de gerencia
hr_ocupacion_4120005,4120005,Secretaria ejecutiva
hr_ocupacion_3411003,3411003,Secretario de juzgado
hr_ocupacion_3343001,3343001,Secretario de la administración pública
hr_ocupacion_1114005,1114005,Secretario general de sindicato de trabajadores
hr_ocupacion_3342001,3342001,Secretario jurídico
hr_ocupacion_3344001,3344001,Secretario Médico
hr_ocupacion_6123003,6123003,Sericultor
hr_ocupacion_2636006,2636006,Siervo ministerial
hr_ocupacion_5111003,5111003,Sobrecargo
hr_ocupacion_2632001,2632001,Sociólogo
hr_ocupacion_5411002,5411002,Socorrista
hr_ocupacion_7212007,7212007,Soldador con electrodo MIG-MAG
hr_ocupacion_7212008,7212008,Soldador con electrodo TIG
hr_ocupacion_7212009,7212009,Soldador con Oxiacetilénica SOA
hr_ocupacion_7212003,7212003,Soldador de estructuras metálicas
hr_ocupacion_7212005,7212005,Soldador de estructuras metálicas en aluminio
hr_ocupacion_7212004,7212004,Soldador de estructuras metálicas para viviendas
hr_ocupacion_7212006,7212006,Soldador del arco voltaico SEA
hr_ocupacion_7212001,7212001,Soldador industrial
hr_ocupacion_7531004,7531004,Sombrerero
hr_ocupacion_7317003,7317003,Sombrerero de fibras vegetales
hr_ocupacion_7315005,7315005,Soplador de vidrio
hr_ocupacion_3434001,3434001,Sour chef
hr_ocupacion_3315004,3315004,Subastador
hr_ocupacion_3122010,3122010,Supervisor  de ensambladores de productos de madera
hr_ocupacion_3122001,3122001,Supervisor de calidad de confección
hr_ocupacion_3121001,3121001,Supervisor de cantera
hr_ocupacion_3123003,3123003,Supervisor de construcción
hr_ocupacion_3123006,3123006,Supervisor de cuadrilla de obras públicas.
hr_ocupacion_3122015,3122015,Supervisor de ensambladores de equipos eléctricos
hr_ocupacion_3122016,3122016,Supervisor de ensambladores de equipos electrónicos
hr_ocupacion_3122017,3122017,Supervisor de ensambladores de mecanismos y elementos mecánico
hr_ocupacion_3122018,3122018,"Supervisor de ensambladores de productos de cartón, textiles y materiales afines"
hr_ocupacion_3122014,3122014,"Supervisor de ensambladores de productos metálicos, de caucho o de plástico"
hr_ocupacion_3122002,3122002,Supervisor de envasado de alimentos
hr_ocupacion_3122003,3122003,Supervisor de evaporadores de azúcar
hr_ocupacion_6122004,6122004,Supervisor de granja avícola
hr_ocupacion_3123004,3123004,Supervisor de instalación de mármol
hr_ocupacion_3122004,3122004,Supervisor de líneas de producción de la industria de confección
hr_ocupacion_5151001,5151001,"Supervisor de mantenimiento y limpieza en oficinas, hoteles y otros establecimientos"
hr_ocupacion_3122005,3122005,Supervisor de molinos de azúcar
hr_ocupacion_3123002,3123002,Supervisor de obra civil
hr_ocupacion_8182004,8182004,Supervisor de Operador de hornos de cerámica y maquinas afines
hr_ocupacion_8182005,8182005,Supervisor de Operador de hornos de vidriería y maquinas afines
hr_ocupacion_3121002,3121002,Supervisor de operador de instalaciones mineras
hr_ocupacion_3122013,3122013,Supervisor de operador de máquina para elaborar productos de tabaco
hr_ocupacion_8172007,8172007,Supervisor de Operador de procesamiento de madera
hr_ocupacion_3139003,3139003,Supervisor de operadores  para la preparación de pasta para papel
hr_ocupacion_3122019,3122019,"Supervisor de operadores de  máquina de preparación de fibras, hilado y devanado"
hr_ocupacion_3132005,3132005,Supervisor de operadores de cadenas de montaje automatizadas
hr_ocupacion_3135007,3135007,Supervisor de operadores de hornos de primera fusión de metales
hr_ocupacion_3131006,3131006,Supervisor de operadores de instalaciones de productos de energía
hr_ocupacion_3134001,3134001,Supervisor de operadores de instalaciones de refinación de petróleo y gas natural
hr_ocupacion_3139001,3139001,Supervisor de operadores de instalaciones para la fabricación de papel
hr_ocupacion_3122020,3122020,"Supervisor de operadores de máquina de blanqueo, teñido y tintura"
hr_ocupacion_3122021,3122021,Supervisor de operadores de máquina de imprenta
hr_ocupacion_3122031,3122031,Supervisor de operadores de máquina de molienda de cereales o especias
hr_ocupacion_3122011,3122011,Supervisor de operadores de máquina de tratamiento de pieles y cueros
hr_ocupacion_3122022,3122022,Supervisor de operadores de máquina herramientas
hr_ocupacion_3122037,3122037,Supervisor de operadores de máquina para coser
hr_ocupacion_3122012,3122012,"Supervisor de operadores de máquina para elaborar cereales, productos de panadería y repostería y artículos de chocolate"
hr_ocupacion_3122035,3122035,Supervisor de operadores de máquina para elaborar frutos húmedos y secos y hortalizas
hr_ocupacion_3122023,3122023,Supervisor de operadores de máquina para elaborar productos lácteos
hr_ocupacion_3122024,3122024,"Supervisor de operadores de máquina para elaborar té, café y cacao"
hr_ocupacion_3122034,3122034,Supervisor de operadores de máquina para fabricar azúcares
hr_ocupacion_3122038,3122038,Supervisor de operadores de máquina para fabricar producto de caucho
hr_ocupacion_3122036,3122036,Supervisor de operadores de máquina para fabricar producto farmacéuticos y cosméticos
hr_ocupacion_3122032,3122032,Supervisor de operadores de máquina para fabricar productos de madera
hr_ocupacion_3122025,3122025,Supervisor de operadores de máquina para fabricar productos de papel
hr_ocupacion_3122026,3122026,Supervisor de operadores de máquina para la fabricación de calzado o de marroquinería
hr_ocupacion_3122027,3122027,"Supervisor de operadores de máquina para preparar carne, pescado y mariscos"
hr_ocupacion_3122028,3122028,"Supervisor de operadores de máquina pulidoras, galvanizadoras y recubridoras de metales"
hr_ocupacion_3122029,3122029,Supervisor de operadores de máquina tejedoras
hr_ocupacion_3135004,3135004,Supervisor de operadores de máquina trefiladoras y estiradoras de metales
hr_ocupacion_3122006,3122006,Supervisor de operadores de maquinas para elaborar bebidas (excepto vino y cerveza)
hr_ocupacion_3122033,3122033,Supervisor de operadores de maquinas para elaborar cerveza
hr_ocupacion_3122007,3122007,Supervisor de operadores de maquinas para elaborar vino
hr_ocupacion_3122030,3122030,Supervisor de operadores de robots industriales
hr_ocupacion_3122008,3122008,Supervisor de patio de caña de azúcar
hr_ocupacion_3123005,3123005,Supervisor de prefabricados
hr_ocupacion_3341001,3341001,Supervisor de secretaría
hr_ocupacion_3122009,3122009,Supervisor de tachos o recuperación de azúcar
hr_ocupacion_5222001,5222001,Supervisor de Vendedor de tiendas y almacenes
hr_ocupacion_2433003,2433003,Supervisor de ventas
hr_ocupacion_2351005,2351005,Supervisor docente
hr_ocupacion_7318005,7318005,Talabartero
hr_ocupacion_7522002,7522002,Tallador de maderas
hr_ocupacion_7522001,7522001,Tallador de muebles de madera
hr_ocupacion_7534001,7534001,Tapicero
hr_ocupacion_4211001,4211001,Taquillero
hr_ocupacion_3315003,3315003,Tasador de seguros
hr_ocupacion_8322002,8322002,Taxista
hr_ocupacion_7121002,7121002,Techador
hr_ocupacion_7121001,7121001,Techador con elementos prefabricados
hr_ocupacion_3511005,3511005,Técnico analista de sistemas
hr_ocupacion_2519002,2519002,Técnico de hardware
hr_ocupacion_3514001,3514001,Técnico de la web
hr_ocupacion_3212001,3212001,Técnico de laboratorio
hr_ocupacion_3212002,3212002,Técnico de laboratorio especialista en bacteriología
hr_ocupacion_3212003,3212003,Técnico de laboratorio especialista en hepatología
hr_ocupacion_3117003,3117003,Técnico de tratamientos térmicos
hr_ocupacion_3118007,3118007,Técnico diseñador de piezas metal mecánicas
hr_ocupacion_3115002,3115002,Técnico en  construcción mecánica
hr_ocupacion_3112006,3112006,Técnico en acueductos y saneamiento rural
hr_ocupacion_3141001,3141001,Técnico en ciencias biológicas
hr_ocupacion_3111001,3111001,Técnico en ciencias físicas
hr_ocupacion_3111002,3111002,Técnico en ciencias químicas
hr_ocupacion_3139011,3139011,Técnico en control de procesos corte de papel
hr_ocupacion_3139014,3139014,Técnico en control de procesos de bobinar papel
hr_ocupacion_3139006,3139006,Técnico en control de procesos de electricidad industrial con especialización en automatización
hr_ocupacion_3139002,3139002,Técnico en control de procesos de equipo automatizado
hr_ocupacion_3139012,3139012,Técnico en control de procesos de instalaciones de preparación o elaboración de pasta para papel
hr_ocupacion_3139004,3139004,Técnico en control de procesos de máquina aprestadora de papel
hr_ocupacion_3139009,3139009,Técnico en control de procesos de maquina batidora o refinadora de pasta para papel
hr_ocupacion_3139007,3139007,Técnico en control de procesos de máquina de fabricación de papel o cartón
hr_ocupacion_3139010,3139010,Técnico en control de procesos de máquina de tratamiento de papel
hr_ocupacion_3139005,3139005,Técnico en control de procesos de máquina para la preparación de pasta para papel
hr_ocupacion_3139008,3139008,"Técnico en control de procesos de máquina trituradora, desfibradora o tamizadora para pasta para papel"
hr_ocupacion_3139013,3139013,Técnico en control de procesos de prensar papel
hr_ocupacion_7231001,7231001,Técnico en diagnóstico computarizado de vehículos
hr_ocupacion_3118006,3118006,Técnico en diseño gráfico
hr_ocupacion_3118002,3118002,Técnico en diseño textil
hr_ocupacion_3252001,3252001,Técnico en documentación sanitaria
hr_ocupacion_3256002,3256002,Técnico en educación especial
hr_ocupacion_3115009,3115009,Técnico en electricidad industrial
hr_ocupacion_3114001,3114001,Técnico en electrónica
hr_ocupacion_3114002,3114002,Técnico en electrónica industrial
hr_ocupacion_3116002,3116002,Técnico en ensayos de materiales
hr_ocupacion_3213001,3213001,Técnico en Farmacología
hr_ocupacion_3212004,3212004,Técnico en Fisiología
hr_ocupacion_3433001,3433001,"Técnico en galería  de arte, museo y biblioteca"
hr_ocupacion_3113001,3113001,Técnico en generación y transporte de energía
hr_ocupacion_3117002,3117002,Técnico en ingeniería  metalúrgica
hr_ocupacion_3112001,3112001,Técnico en ingeniería civil
hr_ocupacion_3514002,3514002,Técnico en ingeniería de las telecomunicaciones
hr_ocupacion_3117001,3117001,Técnico en ingeniería de minas
hr_ocupacion_3141002,3141002,Técnico en Insectología
hr_ocupacion_6121010,6121010,Técnico en la cría de cerdos especializado en inseminación
hr_ocupacion_3113003,3113003,Técnico en mantenimiento de equipos electrónicos
hr_ocupacion_3115010,3115010,Técnico en mantenimiento industrial
hr_ocupacion_3115001,3115001,Técnico en mecánica
hr_ocupacion_3115011,3115011,Técnico en mecánica industrial
hr_ocupacion_3113002,3113002,Técnico en operación de máquina CNC
hr_ocupacion_2412002,2412002,Técnico en operaciones bancarias
hr_ocupacion_3254001,3254001,Técnico en optometría
hr_ocupacion_3355003,3355003,Técnico en poligrafía
hr_ocupacion_3511008,3511008,Técnico en programación y Diseño de Páginas Web
hr_ocupacion_3116001,3116001,Técnico en química industrial
hr_ocupacion_3513001,3513001,Técnico en redes informáticas
hr_ocupacion_3257001,3257001,Técnico en salud laboral o ambiental
hr_ocupacion_3155001,3155001,Técnico en seguridad aeronáutica
hr_ocupacion_3321004,3321004,Técnico en seguros y fianzas
hr_ocupacion_3511007,3511007,Técnico en servicios informáticos
hr_ocupacion_3142003,3142003,Técnico en silvicultura
hr_ocupacion_3513002,3513002,Técnico en sistemas de computadores
hr_ocupacion_3522001,3522001,Técnico en telecomunicaciones
hr_ocupacion_3522002,3522002,Técnico en transmisiones
hr_ocupacion_7412007,7412007,Técnico instalador de elevadores
hr_ocupacion_7232001,7232001,Técnico instrumentalista en aviones
hr_ocupacion_7232002,7232002,Técnico mecánico de aviones
hr_ocupacion_3115007,3115007,Técnico mecánico de equipo industrial
hr_ocupacion_3115003,3115003,"Técnico mecánico en refrigeración, calefacción y aire acondicionado"
hr_ocupacion_3115005,3115005,Técnico mecánico en reparación aeronáutica
hr_ocupacion_3115004,3115004,Técnico mecánico en reparación automotriz
hr_ocupacion_3115008,3115008,Técnico mecánico en reparación de herramienta agrícolas
hr_ocupacion_3115006,3115006,Técnico mecánico en reparación naval
hr_ocupacion_3256005,3256005,Técnico o auxiliar de dietólogo
hr_ocupacion_3256006,3256006,Técnico o auxiliar de nutricionista
hr_ocupacion_3254003,3254003,Técnico o auxiliar de oftalmología
hr_ocupacion_3511004,3511004,Técnico operador de PC
hr_ocupacion_3214001,3214001,Técnico ortopedista y prótesis
hr_ocupacion_3142002,3142002,Técnico pecuario
hr_ocupacion_3511006,3511006,Técnico programador de computadoras
hr_ocupacion_3254002,3254002,Técnico refaccionista
hr_ocupacion_7318002,7318002,Tejedor con telar artesanal (cintura)
hr_ocupacion_7318004,7318004,Tejedor con telar semindustrializado.
hr_ocupacion_4223001,4223001,Telefonista
hr_ocupacion_3313001,3313001,Tenedores de libros
hr_ocupacion_2634007,2634007,Terapeuta ocupacional
hr_ocupacion_3255001,3255001,Terapista del lenguaje
hr_ocupacion_7321007,7321007,Tipógrafo
hr_ocupacion_3112003,3112003,Topógrafo
hr_ocupacion_7523003,7523003,Tornero de madera
hr_ocupacion_9312012,9312012,Tornillero (pavimentación de carreteras)
hr_ocupacion_6111007,6111007,Trabajador agrícola de cultivos de palma africana
hr_ocupacion_6111001,6111001,Trabajador agrícola de cultivos extensivos en general
hr_ocupacion_6112005,6112005,Trabajador agrícola de explotaciones de caucho (hule)
hr_ocupacion_6112004,6112004,Trabajador agrícola de plantaciones de árboles o arbustos en general
hr_ocupacion_6310001,6310001,Trabajador agrícola de subsistencia
hr_ocupacion_6112002,6112002,Trabajador agrícola del cultivo de aguacate de exportación
hr_ocupacion_6112001,6112001,Trabajador agrícola del cultivo de café
hr_ocupacion_6111003,6111003,Trabajador agrícola del cultivo de caña de azúcar
hr_ocupacion_6111002,6111002,Trabajador agrícola del cultivo de cardamomo
hr_ocupacion_6113007,6113007,Trabajador agrícola del cultivo de flores
hr_ocupacion_6112006,6112006,Trabajador agrícola del cultivo de frutales en general
hr_ocupacion_6111005,6111005,"Trabajador agrícola del cultivo de granos básicos (maíz, fríjol, arroz)"
hr_ocupacion_6113002,6113002,Trabajador agrícola del cultivo de hortalizas
hr_ocupacion_6112009,6112009,Trabajador agrícola del cultivo de la piña
hr_ocupacion_6111004,6111004,Trabajador agrícola del cultivo de tabaco
hr_ocupacion_6113006,6113006,Trabajador agrícola del cultivo de tubérculos y raíces
hr_ocupacion_6112008,6112008,Trabajador agrícola del cultivo del melón
hr_ocupacion_6112007,6112007,Trabajador agrícola del cultivo del plátano y banano
hr_ocupacion_6114001,6114001,Trabajador agrícolas de cultivos mixtos
hr_ocupacion_6130001,6130001,Trabajador agropecuario con destino al mercado
hr_ocupacion_6330001,6330001,Trabajador agropecuario de subsistencia
hr_ocupacion_3253001,3253001,Trabajador comunitario de la salud
hr_ocupacion_6221003,6221003,Trabajador de  reproducción de camarones
hr_ocupacion_6112003,6112003,Trabajador de beneficio de café
hr_ocupacion_6113008,6113008,Trabajador de conservación de parques urbanos
hr_ocupacion_6121003,6121003,Trabajador de ganado bovino producción de leche
hr_ocupacion_6121013,6121013,Trabajador de ganado caprino
hr_ocupacion_6121008,6121008,Trabajador de ganado ovino de lana
hr_ocupacion_6121011,6121011,Trabajador de ganado ovino de producción de carne
hr_ocupacion_6122009,6122009,Trabajador de granja avícola (destazador)
hr_ocupacion_6122008,6122008,Trabajador de granja avícola (gallinas ponedoras)
hr_ocupacion_6122003,6122003,Trabajador de granja avícola (pollos de engorde)
hr_ocupacion_6113003,6113003,Trabajador de invernadero en general
hr_ocupacion_6221001,6221001,Trabajador de la acuicultura en general
hr_ocupacion_6129002,6129002,Trabajador de la cría canina
hr_ocupacion_6121017,6121017,Trabajador de la cría de caballos
hr_ocupacion_6121002,6121002,Trabajador de la cría de cerdos
hr_ocupacion_6121007,6121007,Trabajador de la cría de cerdos especializado en desarrollo
hr_ocupacion_6121005,6121005,Trabajador de la cría de cerdos especializado en destete
hr_ocupacion_6121009,6121009,Trabajador de la cría de cerdos especializado en engorde
hr_ocupacion_6121006,6121006,Trabajador de la cría de cerdos especializado en gestación
hr_ocupacion_6121004,6121004,Trabajador de la cría de cerdos especializado en maternidad
hr_ocupacion_6121015,6121015,Trabajador de la cría de conejos
hr_ocupacion_5321001,5321001,Trabajador de los cuidados personales en instituciones
hr_ocupacion_5329001,5329001,Trabajador de los cuidados personales en servicios de salud no clasificados bajo otros epígrafes
hr_ocupacion_6221004,6221004,Trabajador de reproducción de otros crustáceos o moluscos
hr_ocupacion_6221002,6221002,Trabajador de reproducción de peces
hr_ocupacion_9321003,9321003,Trabajador de salas de empaque de flores
hr_ocupacion_6113004,6113004,Trabajador de vivero en general
hr_ocupacion_7313003,7313003,Trabajador del jade y piedras preciosas  propias de la región
hr_ocupacion_9111002,9111002,Trabajador doméstico a domicilio
hr_ocupacion_9111001,9111001,Trabajador doméstico residente
hr_ocupacion_7516002,7516002,Trabajador en la elaboración del tabaco
hr_ocupacion_6210006,6210006,Trabajador forestal en general
hr_ocupacion_6320001,6320001,Trabajador pecuario de subsistencia
hr_ocupacion_6310002,6310002,Trabajador pesquero de subsistencia (artesanal)
hr_ocupacion_2635001,2635001,Trabajador social
hr_ocupacion_8341001,8341001,Tractorista agrícola
hr_ocupacion_2643006,2643006,Traductor de idioma alemán
hr_ocupacion_2643005,2643005,Traductor de idioma francés- español
hr_ocupacion_2643004,2643004,Traductor de idioma ingles - español
hr_ocupacion_2643007,2643007,Traductor de idioma italiano
hr_ocupacion_2643008,2643008,Traductor de idiomas extranjeros
hr_ocupacion_2643003,2643003,Traductor de lenguas mayas
hr_ocupacion_2643009,2643009,Traductor de otros idiomas
hr_ocupacion_2643002,2643002,Traductor jurado
hr_ocupacion_3359009,3359009,Tramitador autorizados
hr_ocupacion_3359010,3359010,Tramitador financieros
hr_ocupacion_7214002,7214002,Trazador de estructuras
hr_ocupacion_7321004,7321004,Troquelador
hr_ocupacion_2164001,2164001,Urbanista e Ingeniero de tránsito
hr_ocupacion_6122006,6122006,Vacunador en granja avícola
hr_ocupacion_5243001,5243001,Vendedor a domicilio
hr_ocupacion_5249001,5249001,Vendedor al mayoreo
hr_ocupacion_9520007,9520007,Vendedor ambulante de artículos de recreación
hr_ocupacion_5212002,5212002,Vendedor ambulante de comida preparada
hr_ocupacion_5212003,5212003,Vendedor ambulante de frutas y verduras
hr_ocupacion_5212001,5212001,Vendedor ambulante de productos comestibles en general
hr_ocupacion_9520006,9520006,Vendedor ambulante de productos de consumo no comestibles
hr_ocupacion_9520005,9520005,Vendedor ambulantes de productos de artesanía
hr_ocupacion_5221001,5221001,Vendedor de almacén
hr_ocupacion_9520003,9520003,Vendedor de artesanías en la vía pública
hr_ocupacion_2434002,2434002,Vendedor de hardware
hr_ocupacion_5211002,5211002,Vendedor de mercado cantonal
hr_ocupacion_9520001,9520001,Vendedor de periódicos
hr_ocupacion_5211001,5211001,Vendedor de quioscos
hr_ocupacion_5212004,5212004,Vendedor de refrescos
hr_ocupacion_2434001,2434001,Vendedor de software
hr_ocupacion_9520004,9520004,Vendedor en el transporte público y urbano
hr_ocupacion_5211003,5211003,"Vendedor en puestos callejeros ( alimentos, ropa, productos varios )"
hr_ocupacion_5244001,5244001,Vendedor por teléfono (tele marketing)
hr_ocupacion_9520002,9520002,Vendedor promocional en la vía pública
hr_ocupacion_3322002,3322002,Vendedor viajero y rutero
hr_ocupacion_7125001,7125001,Ventanero
hr_ocupacion_2433004,2433004,Visitador Médico
hr_ocupacion_3412002,3412002,Visitador social
hr_ocupacion_6210004,6210004,Viverista forestal
hr_ocupacion_5169003,5169003,Xamán
hr_ocupacion_7536001,7536001,Zapatero
hr_ocupacion_2131003,2131003,Zoólogo
hr_ocupacion_2250002,2250002,Zootecnista
